date,nav
1998-12-30 16:00:00,1.0
1999-01-04 16:00:00,0.9585568043050057
1999-01-05 16:00:00,0.9659542830503487
1999-01-06 16:00:00,0.9978000566608272
1999-01-07 16:00:00,1.0005172354506895
1999-01-10 16:00:00,0.9982176335675538
1999-01-11 16:00:00,0.9915025495850706
1999-01-12 16:00:00,0.9845615982613465
1999-01-13 16:00:00,0.9724059946059623
1999-01-14 16:00:00,1.005635348322587
1999-01-17 16:00:00,0.9935840437998541
1999-01-18 16:00:00,0.9883038906999866
1999-01-19 16:00:00,0.9832170447453171
1999-01-20 16:00:00,0.9865651914463454
1999-01-21 16:00:00,0.9704787809462603
1999-01-24 16:00:00,0.9398170421283293
1999-01-25 16:00:00,0.9528249925978809
1999-01-26 16:00:00,0.9564442713986676
1999-01-27 16:00:00,0.9446874540695835
1999-01-28 16:00:00,0.9323152642503353
1999-01-31 16:00:00,0.9134305787711785
1999-02-01 16:00:00,0.8958017430964019
1999-02-02 16:00:00,0.8949011645899655
1999-02-03 16:00:00,0.8592273617629492
1999-02-04 16:00:00,0.852979683959174
1999-02-07 16:00:00,0.9072280896506963
1999-02-08 16:00:00,0.891764963464113
1999-02-09 16:00:00,0.9033363093961122
1999-02-21 16:00:00,0.9836719745872239
1999-02-22 16:00:00,0.9629986845072201
1999-02-23 16:00:00,0.9720243252051525
1999-02-24 16:00:00,0.9777359009025873
1999-02-25 16:00:00,0.9844338679595808
1999-02-28 16:00:00,0.9834569860030721
1999-03-01 16:00:00,0.9758678737674678
1999-03-02 16:00:00,0.9976177804231675
1999-03-03 16:00:00,0.9961532562782606
1999-03-04 16:00:00,0.9944939034836677
1999-03-07 16:00:00,1.002107968392875
1999-03-08 16:00:00,1.0116850783924765
1999-03-09 16:00:00,1.01062245965807
1999-03-10 16:00:00,1.0028620260171188
1999-03-11 16:00:00,1.0069020008088325
1999-03-14 16:00:00,1.0280271016465425
1999-03-15 16:00:00,1.0395423801381594
1999-03-16 16:00:00,1.0527605264527256
1999-03-17 16:00:00,1.0742517773454685
1999-03-18 16:00:00,1.090187254600346
1999-03-21 16:00:00,1.0973447920879342
1999-03-22 16:00:00,1.0821151407650318
1999-03-23 16:00:00,1.0733808681765478
1999-03-24 16:00:00,1.0814763371057525
1999-03-25 16:00:00,1.0957898905764412
1999-03-28 16:00:00,1.0752910409859844
1999-03-29 16:00:00,1.074820515723076
1999-03-30 16:00:00,1.0721812379629982
1999-03-31 16:00:00,1.0935198819555962
1999-04-01 16:00:00,1.1268347442244453
1999-04-05 16:00:00,1.1161593362101943
1999-04-06 16:00:00,1.111781283121251
1999-04-07 16:00:00,1.1332070332457862
1999-04-08 16:00:00,1.1320058054525246
1999-04-11 16:00:00,1.1283756478946487
1999-04-12 16:00:00,1.1432469088354071
1999-04-13 16:00:00,1.1527195675519086
1999-04-14 16:00:00,1.1682249915632579
1999-04-15 16:00:00,1.1633405817807143
1999-04-18 16:00:00,1.1877016944386882
1999-04-19 16:00:00,1.1884121609593514
1999-04-20 16:00:00,1.164484220629106
1999-04-21 16:00:00,1.1676688055976763
1999-04-22 16:00:00,1.186084411243188
1999-04-25 16:00:00,1.1886224328795907
1999-04-26 16:00:00,1.176320308342014
1999-04-27 16:00:00,1.167981931221303
1999-04-28 16:00:00,1.1357325785453873
1999-04-29 16:00:00,1.1484382060731768
1999-05-02 16:00:00,1.1503217525540739
1999-05-03 16:00:00,1.1822267887643592
1999-05-04 16:00:00,1.179752670316452
1999-05-05 16:00:00,1.1778658526009058
1999-05-06 16:00:00,1.1637316845093502
1999-05-09 16:00:00,1.1660749535712909
1999-05-10 16:00:00,1.164529409312399
1999-05-11 16:00:00,1.1604723175951954
1999-05-12 16:00:00,1.1554539393424852
1999-05-13 16:00:00,1.1829263004527086
1999-05-16 16:00:00,1.1840527463003858
1999-05-17 16:00:00,1.1818325669515228
1999-05-18 16:00:00,1.1863649005955474
1999-05-19 16:00:00,1.1854736793417122
1999-05-20 16:00:00,1.1851324819602822
1999-05-23 16:00:00,1.1822563820266503
1999-05-24 16:00:00,1.155583191148739
1999-05-25 16:00:00,1.1570789061356495
1999-05-26 16:00:00,1.1636817791621439
1999-05-27 16:00:00,1.150962153793065
1999-05-30 16:00:00,1.1399313984056458
1999-05-31 16:00:00,1.1525591249036506
1999-06-01 16:00:00,1.1666451373781617
1999-06-02 16:00:00,1.1798695218611288
1999-06-03 16:00:00,1.1826006984922806
1999-06-06 16:00:00,1.2156696095606474
1999-06-07 16:00:00,1.2296043084138286
1999-06-08 16:00:00,1.2398218196524213
1999-06-09 16:00:00,1.2459057835732896
1999-06-10 16:00:00,1.2432010811202288
1999-06-13 16:00:00,1.2422944165958403
1999-06-14 16:00:00,1.2401786124548528
1999-06-15 16:00:00,1.2556060593611928
1999-06-16 16:00:00,1.2891561462238843
1999-06-20 16:00:00,1.310831347009224
1999-06-21 16:00:00,1.3412796948227155
1999-06-22 16:00:00,1.3231147570415984
1999-06-23 16:00:00,1.338225883164887
1999-06-24 16:00:00,1.2878473480633221
1999-06-27 16:00:00,1.2902607584821586
1999-06-28 16:00:00,1.326534490528786
1999-06-29 16:00:00,1.3192274652252534
1999-07-01 16:00:00,1.3355430143012286
1999-07-04 16:00:00,1.338855329571565
1999-07-05 16:00:00,1.3172207529560545
1999-07-06 16:00:00,1.3196481612161806
1999-07-07 16:00:00,1.3387120038487972
1999-07-08 16:00:00,1.3321433646732823
1999-07-11 16:00:00,1.3186868746806737
1999-07-12 16:00:00,1.2782717595682087
1999-07-13 16:00:00,1.229063717869248
1999-07-14 16:00:00,1.2336411641213414
1999-07-15 16:00:00,1.1547341155692203
1999-07-18 16:00:00,1.1508873718474804
1999-07-19 16:00:00,1.216317770472527
1999-07-20 16:00:00,1.2131705384391367
1999-07-21 16:00:00,1.1963471111650734
1999-07-22 16:00:00,1.2034906508113723
1999-07-25 16:00:00,1.1834217783892194
1999-07-26 16:00:00,1.1479396851276888
1999-07-27 16:00:00,1.1660951895809804
1999-07-28 16:00:00,1.1465997722003478
1999-07-29 16:00:00,1.1549724592472628
1999-08-01 16:00:00,1.1211370902930748
1999-08-02 16:00:00,1.1179041975570112
1999-08-03 16:00:00,1.1078722337907276
1999-08-04 16:00:00,1.0843353201138932
1999-08-05 16:00:00,1.0631136037411963
1999-08-08 16:00:00,1.0949734512681886
1999-08-09 16:00:00,1.132613418269799
1999-08-10 16:00:00,1.1262380862394823
1999-08-11 16:00:00,1.1420612764631464
1999-08-12 16:00:00,1.1881487885324806
1999-08-15 16:00:00,1.2492883162757455
1999-08-16 16:00:00,1.2594092119793516
1999-08-17 16:00:00,1.245430617721692
1999-08-18 16:00:00,1.240906195901005
1999-08-19 16:00:00,1.2647048844249964
1999-08-22 16:00:00,1.265103746826521
1999-08-23 16:00:00,1.2439785699135866
1999-08-24 16:00:00,1.266211478168996
1999-08-25 16:00:00,1.2616121983275002
1999-08-26 16:00:00,1.2548192893904566
1999-08-29 16:00:00,1.257528632432206
1999-08-30 16:00:00,1.270985274575263
1999-08-31 16:00:00,1.288995627500401
1999-09-01 16:00:00,1.2816449350180634
1999-09-02 16:00:00,1.2579353305818433
1999-09-05 16:00:00,1.266708477609995
1999-09-06 16:00:00,1.2379599546104767
1999-09-07 16:00:00,1.242250749417034
1999-09-08 16:00:00,1.2503087893358344
1999-09-09 16:00:00,1.2715664132144475
1999-09-12 16:00:00,1.2742508796578182
1999-09-13 16:00:00,1.26074752732698
1999-09-14 16:00:00,1.241898673278515
1999-09-15 16:00:00,1.241565235569974
1999-09-16 16:00:00,1.233466647556569
1999-09-19 16:00:00,1.2420700707590866
1999-09-26 16:00:00,1.2090075500095692
1999-09-27 16:00:00,1.1806391749063732
1999-09-28 16:00:00,1.186497347561225
1999-09-29 16:00:00,1.1839016609047281
1999-09-30 16:00:00,1.198889849465388
1999-10-03 16:00:00,1.197408132319767
1999-10-04 16:00:00,1.1773922082537958
1999-10-05 16:00:00,1.1687640606033487
1999-10-06 16:00:00,1.1859598000256213
1999-10-07 16:00:00,1.1767643594268302
1999-10-10 16:00:00,1.1851979066532643
1999-10-11 16:00:00,1.2207611721792284
1999-10-12 16:00:00,1.2210057540256716
1999-10-13 16:00:00,1.227700449848016
1999-10-14 16:00:00,1.2182247481225386
1999-10-17 16:00:00,1.2067218698924986
1999-10-18 16:00:00,1.1985735286823367
1999-10-19 16:00:00,1.1944728458615526
1999-10-20 16:00:00,1.1926436931661009
1999-10-21 16:00:00,1.1778004279079213
1999-10-24 16:00:00,1.196689906126215
1999-10-25 16:00:00,1.1997155699510156
1999-10-26 16:00:00,1.199860493253496
1999-10-27 16:00:00,1.1968425891015841
1999-10-28 16:00:00,1.2007095688330143
1999-10-31 16:00:00,1.2175704251174821
1999-11-01 16:00:00,1.203034123389753
1999-11-02 16:00:00,1.180988131960692
1999-11-03 16:00:00,1.1637160890883473
1999-11-04 16:00:00,1.166680968808853
1999-11-07 16:00:00,1.1531620971322374
1999-11-08 16:00:00,1.1471170076510369
1999-11-09 16:00:00,1.1532119264042189
1999-11-10 16:00:00,1.1735300212615034
1999-11-14 16:00:00,1.175525778698389
1999-11-15 16:00:00,1.1850561785102094
1999-11-16 16:00:00,1.1912227601247751
1999-11-17 16:00:00,1.2024841755925721
1999-11-18 16:00:00,1.21070265815963
1999-11-21 16:00:00,1.2545606336275004
1999-11-22 16:00:00,1.2536071067648822
1999-11-23 16:00:00,1.2342347790973272
1999-11-24 16:00:00,1.2315362387374427
1999-11-25 16:00:00,1.1833797087901263
1999-11-28 16:00:00,1.21897408908287
1999-11-29 16:00:00,1.2029219885089888
1999-11-30 16:00:00,1.2099844319660782
1999-12-01 16:00:00,1.2162257955262281
1999-12-02 16:00:00,1.235998431024571
1999-12-05 16:00:00,1.22996733938466
1999-12-06 16:00:00,1.2194648503554681
1999-12-07 16:00:00,1.2169674528888947
1999-12-08 16:00:00,1.2057216328420994
1999-12-09 16:00:00,1.2049271792736997
1999-12-12 16:00:00,1.2282768718232877
1999-12-13 16:00:00,1.2230623716420765
1999-12-14 16:00:00,1.2245813656476532
1999-12-15 16:00:00,1.2058649585648673
1999-12-16 16:00:00,1.2032881385640213
1999-12-19 16:00:00,1.212592518884152
1999-12-20 16:00:00,1.2361682309254298
1999-12-21 16:00:00,1.2468405959307047
1999-12-22 16:00:00,1.2594185692319524
1999-12-23 16:00:00,1.2806010307888591
1999-12-26 16:00:00,1.3110790479398662
1999-12-27 16:00:00,1.3163404104593073
2000-01-03 16:00:00,1.3642822561233694
2000-01-04 16:00:00,1.3788217530105236
2000-01-05 16:00:00,1.39006430182267
2000-01-06 16:00:00,1.3788217530105236
2000-01-09 16:00:00,1.4181972241063507
2000-01-10 16:00:00,1.3908433121205166
2000-01-11 16:00:00,1.4247488224316003
2000-01-12 16:00:00,1.418912483366151
2000-01-13 16:00:00,1.4058330221856643
2000-01-16 16:00:00,1.451356588616528
2000-01-17 16:00:00,1.4411921778845658
2000-01-18 16:00:00,1.425806724502094
2000-01-19 16:00:00,1.4235491161428266
2000-01-20 16:00:00,1.4420880397270894
2000-01-23 16:00:00,1.4625183455403625
2000-01-24 16:00:00,1.4602280248346036
2000-01-25 16:00:00,1.4928822498547711
2000-01-26 16:00:00,1.5002081418139546
2000-01-27 16:00:00,1.510791574881907
2000-01-30 16:00:00,1.5182668785818103
2000-01-31 16:00:00,1.5356388082237913
2000-02-08 16:00:00,1.559396948653178
2000-02-09 16:00:00,1.566998385075135
2000-02-10 16:00:00,1.5780603313045576
2000-02-13 16:00:00,1.5535653262516413
2000-02-14 16:00:00,1.5514292861009638
2000-02-15 16:00:00,1.5680610038095415
2000-02-16 16:00:00,1.5895164993468167
2000-02-17 16:00:00,1.5730294767150461
2000-02-20 16:00:00,1.5444073907384792
2000-02-21 16:00:00,1.51624768997581
2000-02-22 16:00:00,1.5022770836167123
2000-02-23 16:00:00,1.4955635972139414
2000-02-24 16:00:00,1.469594862913966
2000-02-28 16:00:00,1.4701324104495699
2000-02-29 16:00:00,1.5095746755924195
2000-03-01 16:00:00,1.4869401662274073
2000-03-02 16:00:00,1.493828017044501
2000-03-05 16:00:00,1.4595331537349427
2000-03-06 16:00:00,1.4614277311233776
2000-03-07 16:00:00,1.462895374352485
2000-03-08 16:00:00,1.4937094918448877
2000-03-09 16:00:00,1.4691444975855241
2000-03-12 16:00:00,1.3729137510836913
2000-03-13 16:00:00,1.3765953354932607
2000-03-14 16:00:00,1.346128273174567
2000-03-15 16:00:00,1.3527856160617313
2000-03-16 16:00:00,1.365329203361551
2000-03-19 16:00:00,1.3299279019883323
2000-03-20 16:00:00,1.4029102120642523
2000-03-21 16:00:00,1.413023043794072
2000-03-22 16:00:00,1.4853899053046034
2000-03-23 16:00:00,1.477408092760651
2000-03-26 16:00:00,1.5280326551379226
2000-03-27 16:00:00,1.5356715205702838
2000-03-28 16:00:00,1.527739765523986
2000-03-29 16:00:00,1.5474096233941659
2000-03-30 16:00:00,1.5354145384622637
2000-04-04 16:00:00,1.5870189497297957
2000-04-05 16:00:00,1.5532272479544131
2000-04-06 16:00:00,1.5457097985801929
2000-04-09 16:00:00,1.5778750120579228
2000-04-10 16:00:00,1.568615592195412
2000-04-11 16:00:00,1.5442079215001057
2000-04-12 16:00:00,1.5054460731642816
2000-04-13 16:00:00,1.4605770579641475
2000-04-16 16:00:00,1.4012274281005443
2000-04-17 16:00:00,1.450047942606416
2000-04-18 16:00:00,1.4184777895339353
2000-04-19 16:00:00,1.4192021778206636
2000-04-20 16:00:00,1.4209830988238463
2000-04-23 16:00:00,1.372312300359592
2000-04-24 16:00:00,1.3899224976043907
2000-04-25 16:00:00,1.3299139041470427
2000-04-26 16:00:00,1.3308471949999705
2000-04-27 16:00:00,1.3748472789870183
2000-05-01 16:00:00,1.3459288039361925
2000-05-02 16:00:00,1.3118471034054004
2000-05-03 16:00:00,1.3126853002278298
2000-05-04 16:00:00,1.355242693659373
2000-05-07 16:00:00,1.342412302763569
2000-05-08 16:00:00,1.3454753955987742
2000-05-09 16:00:00,1.3336391557354175
2000-05-10 16:00:00,1.3009269613942578
2000-05-11 16:00:00,1.3337280115975156
2000-05-14 16:00:00,1.3188612390949968
2000-05-15 16:00:00,1.359806142070177
2000-05-16 16:00:00,1.4155704987582998
2000-05-17 16:00:00,1.415799485183741
2000-05-18 16:00:00,1.4208723332971211
2000-05-21 16:00:00,1.3722313563208315
2000-05-22 16:00:00,1.3509549418617919
2000-05-23 16:00:00,1.3243751713594427
2000-05-24 16:00:00,1.314667059823426
2000-05-25 16:00:00,1.3335752525469222
2000-05-28 16:00:00,1.3380607999279412
2000-05-29 16:00:00,1.365508436590235
2000-05-30 16:00:00,1.3927891642101973
2000-05-31 16:00:00,1.3776937095831348
2000-06-01 16:00:00,1.3840534461924499
2000-06-04 16:00:00,1.3957011716497458
2000-06-06 16:00:00,1.4202024148710628
2000-06-07 16:00:00,1.4127878192002299
2000-06-08 16:00:00,1.4079238736530497
2000-06-11 16:00:00,1.395269672976954
2000-06-12 16:00:00,1.3852437191533982
2000-06-13 16:00:00,1.3921209194390758
2000-06-14 16:00:00,1.3780582620584554
2000-06-15 16:00:00,1.3760609831170816
2000-06-18 16:00:00,1.363433104468628
2000-06-19 16:00:00,1.3540165131925088
2000-06-20 16:00:00,1.3457495707075087
2000-06-21 16:00:00,1.3666535208678903
2000-06-22 16:00:00,1.353123694358961
2000-06-25 16:00:00,1.3289167101056196
2000-06-26 16:00:00,1.312496785821769
2000-06-27 16:00:00,1.3033761271685622
2000-06-28 16:00:00,1.265245551044802
2000-06-29 16:00:00,1.2877117820134434
2000-07-02 16:00:00,1.2928033446320257
2000-07-03 16:00:00,1.254596465058193
2000-07-04 16:00:00,1.3121182355051593
2000-07-05 16:00:00,1.2914977416308886
2000-07-06 16:00:00,1.2733768514046988
2000-07-09 16:00:00,1.2705085111439556
2000-07-10 16:00:00,1.2711254812138322
2000-07-11 16:00:00,1.2557197918216703
2000-07-12 16:00:00,1.2881122419946804
2000-07-13 16:00:00,1.32386409800193
2000-07-16 16:00:00,1.337635387273102
2000-07-17 16:00:00,1.3038669645163854
2000-07-18 16:00:00,1.3105819724236443
2000-07-19 16:00:00,1.2806135071256621
2000-07-20 16:00:00,1.2724872277305759
2000-07-23 16:00:00,1.2564131414168433
2000-07-24 16:00:00,1.2308912729849881
2000-07-25 16:00:00,1.2404185537126082
2000-07-26 16:00:00,1.239598995320157
2000-07-27 16:00:00,1.2654355869553513
2000-07-30 16:00:00,1.2643153792760746
2000-07-31 16:00:00,1.2440190419329684
2000-08-01 16:00:00,1.2334557687994816
2000-08-02 16:00:00,1.2222506489977396
2000-08-03 16:00:00,1.2347567312119303
2000-08-06 16:00:00,1.2021616927163452
2000-08-07 16:00:00,1.2149045971040904
2000-08-08 16:00:00,1.2539109512111333
2000-08-09 16:00:00,1.2502573624841427
2000-08-10 16:00:00,1.2424610974124997
2000-08-13 16:00:00,1.2228644999834162
2000-08-14 16:00:00,1.2223690220469048
2000-08-15 16:00:00,1.2469605665595835
2000-08-16 16:00:00,1.2687292637957097
2000-08-17 16:00:00,1.2739595115483715
2000-08-20 16:00:00,1.2865884552499667
2000-08-21 16:00:00,1.2648030214644725
2000-08-23 16:00:00,1.2618100699861636
2000-08-24 16:00:00,1.2505113015831866
2000-08-27 16:00:00,1.222397093804708
2000-08-28 16:00:00,1.2179755256874085
2000-08-29 16:00:00,1.1753590978817314
2000-08-30 16:00:00,1.1867356912392688
2000-08-31 16:00:00,1.15605531399136
2000-09-03 16:00:00,1.2157210364123414
2000-09-04 16:00:00,1.2130100957908798
2000-09-05 16:00:00,1.185769688039849
2000-09-06 16:00:00,1.1577489006369324
2000-09-07 16:00:00,1.1479428042118898
2000-09-10 16:00:00,1.1428340485925932
2000-09-12 16:00:00,1.1516305507146356
2000-09-13 16:00:00,1.1143364216831433
2000-09-14 16:00:00,1.1148287805354544
2000-09-17 16:00:00,1.0766091203239228
2000-09-18 16:00:00,1.0493064069641092
2000-09-19 16:00:00,1.0719272227887295
2000-09-20 16:00:00,1.078285513968781
2000-09-21 16:00:00,1.0301724990498209
2000-09-24 16:00:00,1.0403572218666977
2000-09-25 16:00:00,1.05150787180777
2000-09-26 16:00:00,1.0465238034812636
2000-09-27 16:00:00,1.0228155683990827
2000-09-28 16:00:00,1.0021702740016578
2000-10-01 16:00:00,0.9385581493149736
2000-10-02 16:00:00,0.9571562594238189
2000-10-03 16:00:00,0.9344839406722802
2000-10-04 16:00:00,0.9394275369794063
2000-10-05 16:00:00,0.9899102190631736
2000-10-08 16:00:00,0.9674359241207457
2000-10-10 16:00:00,0.9411257642136671
2000-10-11 16:00:00,0.9044283692423611
2000-10-12 16:00:00,0.9155058348175613
2000-10-15 16:00:00,0.8773096818503688
2000-10-16 16:00:00,0.8884354551930624
2000-10-17 16:00:00,0.8463487391748762
2000-10-18 16:00:00,0.7916702041646014
2000-10-19 16:00:00,0.8420719422096081
2000-10-22 16:00:00,0.8738820365398434
2000-10-23 16:00:00,0.922130465358234
2000-10-24 16:00:00,0.9385129606316802
2000-10-25 16:00:00,0.9257482226545326
2000-10-26 16:00:00,0.9044533219159638
2000-10-29 16:00:00,0.8816923755280003
2000-10-30 16:00:00,0.8637908101737529
2000-10-31 16:00:00,0.8452254124113991
2000-11-01 16:00:00,0.8765509075622122
2000-11-02 16:00:00,0.9030371816137748
2000-11-05 16:00:00,0.8814430770176445
2000-11-06 16:00:00,0.9157644905805181
2000-11-07 16:00:00,0.9453932039263337
2000-11-08 16:00:00,0.9487600651325643
2000-11-09 16:00:00,0.9486339324105105
2000-11-12 16:00:00,0.9026383192122502
2000-11-13 16:00:00,0.8993648783815817
2000-11-14 16:00:00,0.8938355028465828
2000-11-15 16:00:00,0.8497607890643994
2000-11-16 16:00:00,0.8337491605098987
2000-11-19 16:00:00,0.7548901914995978
2000-11-20 16:00:00,0.7950542583715459
2000-11-21 16:00:00,0.799355855859968
2000-11-22 16:00:00,0.8018969965805709
2000-11-23 16:00:00,0.8444417615248642
2000-11-26 16:00:00,0.8465902019371189
2000-11-27 16:00:00,0.8354473116689354
2000-11-28 16:00:00,0.828779090024682
2000-11-29 16:00:00,0.8190368207129102
2000-11-30 16:00:00,0.8323002317859939
2000-12-03 16:00:00,0.8061192476099448
2000-12-04 16:00:00,0.8100423708569814
2000-12-05 16:00:00,0.805589535822454
2000-12-06 16:00:00,0.8121503392498559
2000-12-07 16:00:00,0.8183980170536311
2000-12-10 16:00:00,0.8233182582668667
2000-12-11 16:00:00,0.8382252745630927
2000-12-12 16:00:00,0.8388905524004627
2000-12-13 16:00:00,0.8288881818964704
2000-12-14 16:00:00,0.8140215615444003
2000-12-17 16:00:00,0.7876069503542217
2000-12-18 16:00:00,0.7852776791335703
2000-12-19 16:00:00,0.7708879743632581
2000-12-20 16:00:00,0.7505294074865934
2000-12-21 16:00:00,0.7495945951291774
2000-12-25 16:00:00,0.7355943194325641
2000-12-26 16:00:00,0.718965568657738
2000-12-27 16:00:00,0.7474008899584051
2000-12-28 16:00:00,0.7391122660344511
2001-01-01 16:00:00,0.7689232556179272
2001-01-02 16:00:00,0.7626148697850815
2001-01-03 16:00:00,0.8002158862717998
2001-01-04 16:00:00,0.8250507193521069
2001-01-07 16:00:00,0.8083767798939877
2001-01-08 16:00:00,0.8376067829887279
2001-01-09 16:00:00,0.8470576081158268
2001-01-10 16:00:00,0.8365348830769447
2001-01-11 16:00:00,0.8318857739634675
2001-01-14 16:00:00,0.8381583283656212
2001-01-15 16:00:00,0.882293750176875
2001-01-16 16:00:00,0.8989660920552819
2001-01-17 16:00:00,0.9111122623828405
2001-01-28 16:00:00,0.884961099694756
2001-01-29 16:00:00,0.9024793980684808
2001-01-30 16:00:00,0.9248679562330108
2001-01-31 16:00:00,0.9189054844455078
2001-02-01 16:00:00,0.942482794066498
2001-02-04 16:00:00,0.9242789818457131
2001-02-05 16:00:00,0.9112914195363006
2001-02-06 16:00:00,0.8870675465831425
2001-02-07 16:00:00,0.8971977234641252
2001-02-08 16:00:00,0.9051809053621168
2001-02-11 16:00:00,0.9109813369216498
2001-02-12 16:00:00,0.9390910562618889
2001-02-13 16:00:00,0.9173085133349221
2001-02-14 16:00:00,0.9510488643338355
2001-02-15 16:00:00,0.941923489016716
2001-02-18 16:00:00,0.9250392776383577
2001-02-19 16:00:00,0.9303350261592271
2001-02-20 16:00:00,0.9270117560565774
2001-02-21 16:00:00,0.897266267241309
2001-02-22 16:00:00,0.8922635604848249
2001-02-25 16:00:00,0.8905637356708517
2001-02-26 16:00:00,0.8841244243768152
2001-02-28 16:00:00,0.8568856142054967
2001-03-01 16:00:00,0.8568357849335153
2001-03-04 16:00:00,0.8740051262529215
2001-03-05 16:00:00,0.8779500070141362
2001-03-06 16:00:00,0.9000847021548464
2001-03-07 16:00:00,0.8897847253730049
2001-03-08 16:00:00,0.8850187647148507
2001-03-11 16:00:00,0.8697875918874602
2001-03-12 16:00:00,0.8741079038810845
2001-03-13 16:00:00,0.8815568094781213
2001-03-14 16:00:00,0.8947267241004185
2001-03-15 16:00:00,0.9011442018050525
2001-03-18 16:00:00,0.8790141472530306
2001-03-19 16:00:00,0.8791403560503087
2001-03-20 16:00:00,0.8761364497396863
2001-03-21 16:00:00,0.8928898878073025
2001-03-22 16:00:00,0.9037335742179243
2001-03-25 16:00:00,0.9186545883554398
2001-03-26 16:00:00,0.9167865612203202
2001-03-27 16:00:00,0.9066688606761389
2001-03-28 16:00:00,0.9089263168849576
2001-03-29 16:00:00,0.9033238330593111
2001-04-01 16:00:00,0.8736919245540705
2001-04-02 16:00:00,0.8486218668799214
2001-04-03 16:00:00,0.8422386991014913
2001-04-05 16:00:00,0.8592647146981295
2001-04-08 16:00:00,0.8416123717790136
2001-04-09 16:00:00,0.8340825982184406
2001-04-10 16:00:00,0.8518828313737883
2001-04-11 16:00:00,0.8620832256868914
2001-04-12 16:00:00,0.856201697938149
2001-04-15 16:00:00,0.8463564988477653
2001-04-16 16:00:00,0.846305148071296
2001-04-17 16:00:00,0.8582488822267286
2001-04-18 16:00:00,0.8738118951829479
2001-04-19 16:00:00,0.871962506477806
2001-04-22 16:00:00,0.8721292633696888
2001-04-23 16:00:00,0.8708267033775275
2001-04-24 16:00:00,0.8594314715900123
2001-04-25 16:00:00,0.859825617327624
2001-04-26 16:00:00,0.8439244499989507
2001-04-29 16:00:00,0.8384714539892483
2001-05-01 16:00:00,0.8264078252801627
2001-05-02 16:00:00,0.8421903913339976
2001-05-03 16:00:00,0.8170300323684868
2001-05-06 16:00:00,0.8148301651045383
2001-05-07 16:00:00,0.8065383460211596
2001-05-08 16:00:00,0.8152523825999533
2001-05-09 16:00:00,0.79804089560623
2001-05-10 16:00:00,0.8152648589367546
2001-05-13 16:00:00,0.8064978740017792
2001-05-14 16:00:00,0.803746385285713
2001-05-15 16:00:00,0.7917855342047905
2001-05-16 16:00:00,0.8013548084562788
2001-05-17 16:00:00,0.7964050500559764
2001-05-20 16:00:00,0.7725580537644914
2001-05-21 16:00:00,0.7776792857205893
2001-05-22 16:00:00,0.8117203620815523
2001-05-23 16:00:00,0.8143409253364278
2001-05-24 16:00:00,0.8055053966242687
2001-05-27 16:00:00,0.7914272198978708
2001-05-28 16:00:00,0.7938483139143718
2001-05-29 16:00:00,0.7878982423884459
2001-05-30 16:00:00,0.7866191135653996
2001-05-31 16:00:00,0.7811816369014747
2001-06-03 16:00:00,0.7766868083430789
2001-06-04 16:00:00,0.7891431373605126
2001-06-05 16:00:00,0.8133515670431176
2001-06-06 16:00:00,0.8028988312106827
2001-06-07 16:00:00,0.8142614267269308
2001-06-10 16:00:00,0.8212756384917512
2001-06-11 16:00:00,0.8204873470165278
2001-06-12 16:00:00,0.8116798139869477
2001-06-13 16:00:00,0.7975766845869469
2001-06-14 16:00:00,0.8037214326121102
2001-06-17 16:00:00,0.7899938105197433
2001-06-18 16:00:00,0.7852356095344778
2001-06-19 16:00:00,0.7836246405826027
2001-06-20 16:00:00,0.7766509769123869
2001-06-21 16:00:00,0.7641027490238792
2001-06-25 16:00:00,0.7455281461593731
2001-06-26 16:00:00,0.751785105140525
2001-06-27 16:00:00,0.74294653341939
2001-06-28 16:00:00,0.760844979689437
2001-07-01 16:00:00,0.7613793320656163
2001-07-02 16:00:00,0.7546736053357341
2001-07-03 16:00:00,0.7383675656628089
2001-07-04 16:00:00,0.733699818119354
2001-07-05 16:00:00,0.7333585446626997
2001-07-08 16:00:00,0.725613630367526
2001-07-09 16:00:00,0.7192896491136785
2001-07-10 16:00:00,0.7086296843699805
2001-07-11 16:00:00,0.7219118099482663
2001-07-12 16:00:00,0.6988750147966317
2001-07-15 16:00:00,0.6806477714067318
2001-07-16 16:00:00,0.6811619638484453
2001-07-17 16:00:00,0.6574644553729045
2001-07-18 16:00:00,0.6529290026446796
2001-07-19 16:00:00,0.657532999150088
2001-07-22 16:00:00,0.6468761534905904
2001-07-23 16:00:00,0.6295573623928522
2001-07-24 16:00:00,0.6444549833988649
2001-07-25 16:00:00,0.6700096402524363
2001-07-26 16:00:00,0.6731536771264018
2001-07-30 16:00:00,0.6782001271369155
2001-07-31 16:00:00,0.6784400683946702
2001-08-01 16:00:00,0.6995776455691817
2001-08-02 16:00:00,0.7058860314020273
2001-08-05 16:00:00,0.6965457435759803
2001-08-06 16:00:00,0.686149151259152
2001-08-07 16:00:00,0.7033028971575562
2001-08-08 16:00:00,0.6930853859189633
2001-08-09 16:00:00,0.6975086276911995
2001-08-12 16:00:00,0.7043404871431354
2001-08-13 16:00:00,0.7150658765798166
2001-08-14 16:00:00,0.7202867670798773
2001-08-15 16:00:00,0.7302924088185186
2001-08-16 16:00:00,0.7226627484883096
2001-08-19 16:00:00,0.708952167246208
2001-08-20 16:00:00,0.7108794569811346
2001-08-21 16:00:00,0.6991616662421672
2001-08-22 16:00:00,0.6948365615094058
2001-08-23 16:00:00,0.6715535869316156
2001-08-26 16:00:00,0.6831187707704384
2001-08-27 16:00:00,0.6805994636392381
2001-08-28 16:00:00,0.702459983671214
2001-08-29 16:00:00,0.7017074475514582
2001-08-30 16:00:00,0.702576835215891
2001-09-02 16:00:00,0.6940591487912714
2001-09-03 16:00:00,0.7000980001040712
2001-09-04 16:00:00,0.6894069966688184
2001-09-05 16:00:00,0.675906687346956
2001-09-06 16:00:00,0.6702822938566826
2001-09-09 16:00:00,0.6682475098296802
2001-09-10 16:00:00,0.6507712049798238
2001-09-12 16:00:00,0.6158031900471701
2001-09-13 16:00:00,0.5880908496415796
2001-09-17 16:00:00,0.5880908496415796
2001-09-18 16:00:00,0.589111322701669
2001-09-19 16:00:00,0.5762842410781264
2001-09-20 16:00:00,0.5596150563215321
2001-09-23 16:00:00,0.5505256645855533
2001-09-24 16:00:00,0.5443356518018726
2001-09-25 16:00:00,0.5648624209996838
2001-09-26 16:00:00,0.5558415350032763
2001-09-27 16:00:00,0.5666401088058294
2001-10-01 16:00:00,0.5440770340765279
2001-10-02 16:00:00,0.5369319348881287
2001-10-03 16:00:00,0.5443169372966703
2001-10-04 16:00:00,0.5586194598598212
2001-10-07 16:00:00,0.5484753231751612
2001-10-08 16:00:00,0.5638341502290934
2001-10-10 16:00:00,0.5904761502650009
2001-10-11 16:00:00,0.5922787907447495
2001-10-14 16:00:00,0.5784623508278967
2001-10-15 16:00:00,0.5912442818057584
2001-10-16 16:00:00,0.5947139586777642
2001-10-17 16:00:00,0.5937900631150494
2001-10-18 16:00:00,0.5991527958710023
2001-10-21 16:00:00,0.6077218711097035
2001-10-22 16:00:00,0.6036398267188973
2001-10-23 16:00:00,0.6211284937927185
2001-10-24 16:00:00,0.6251060869004249
2001-10-25 16:00:00,0.6299936157671687
2001-10-28 16:00:00,0.63334803867421
2001-10-29 16:00:00,0.6100573044235311
2001-10-30 16:00:00,0.6081690032411091
2001-10-31 16:00:00,0.6122509335190789
2001-11-01 16:00:00,0.6229684872076471
2001-11-04 16:00:00,0.6357489347186331
2001-11-05 16:00:00,0.6361244039886549
2001-11-06 16:00:00,0.647845199698986
2001-11-07 16:00:00,0.6442430378236892
2001-11-08 16:00:00,0.6424902646535342
2001-11-11 16:00:00,0.6501012104785411
2001-11-12 16:00:00,0.6444783384927556
2001-11-13 16:00:00,0.6664713815656348
2001-11-14 16:00:00,0.6860852480706569
2001-11-15 16:00:00,0.6927893772208266
2001-11-18 16:00:00,0.7086826327261624
2001-11-19 16:00:00,0.6942195914395295
2001-11-20 16:00:00,0.7063051298132421
2001-11-21 16:00:00,0.6933190890083176
2001-11-22 16:00:00,0.7040787883712029
2001-11-25 16:00:00,0.7179824485328293
2001-11-26 16:00:00,0.7136215884446003
2001-11-27 16:00:00,0.6929389411119955
2001-11-28 16:00:00,0.6957823286991358
2001-11-29 16:00:00,0.6919324658931955
2001-12-02 16:00:00,0.723948115479757
2001-12-03 16:00:00,0.742616290870274
2001-12-04 16:00:00,0.7672531001414703
2001-12-05 16:00:00,0.8115473670212694
2001-12-06 16:00:00,0.8310335792997496
2001-12-09 16:00:00,0.829062622386018
2001-12-10 16:00:00,0.8216916938939902
2001-12-11 16:00:00,0.863032035885597
2001-12-12 16:00:00,0.8425019954531366
2001-12-13 16:00:00,0.8548399514214055
2001-12-16 16:00:00,0.8500755122677393
2001-12-17 16:00:00,0.8302950410212833
2001-12-18 16:00:00,0.8135883892166724
2001-12-19 16:00:00,0.8271650019886072
2001-12-20 16:00:00,0.7960264997393671
2001-12-23 16:00:00,0.8046718403905284
2001-12-24 16:00:00,0.8370910690425273
2001-12-25 16:00:00,0.840147847634107
2001-12-26 16:00:00,0.8308855369130691
2001-12-27 16:00:00,0.8410592288224081
2001-12-30 16:00:00,0.8648907818433401
2002-01-01 16:00:00,0.8724953373494975
2002-01-02 16:00:00,0.8610081306156838
2002-01-03 16:00:00,0.8784905975587166
2002-01-06 16:00:00,0.9090837165242397
2002-01-07 16:00:00,0.905218334372522
2002-01-08 16:00:00,0.9138590344349949
2002-01-09 16:00:00,0.9147532986978062
2002-01-10 16:00:00,0.8861342557302151
2002-01-13 16:00:00,0.8743353688020382
2002-01-14 16:00:00,0.8713564912402431
2002-01-15 16:00:00,0.8550892499317614
2002-01-16 16:00:00,0.8570834858641591
2002-01-17 16:00:00,0.8604597043229907
2002-01-20 16:00:00,0.9033440690690014
2002-01-21 16:00:00,0.9042866410993061
2002-01-22 16:00:00,0.8989395418019673
2002-01-23 16:00:00,0.9039470412975887
2002-01-24 16:00:00,0.9271177288441658
2002-01-27 16:00:00,0.9359500623969002
2002-01-28 16:00:00,0.9108442493672834
2002-01-29 16:00:00,0.9056218373627346
2002-01-30 16:00:00,0.9148873432431973
2002-01-31 16:00:00,0.9126734020627351
2002-02-03 16:00:00,0.9114145092493788
2002-02-04 16:00:00,0.9105420025007457
2002-02-05 16:00:00,0.9232912211321159
2002-02-17 16:00:00,0.9299174492525011
2002-02-18 16:00:00,0.9132545407019197
2002-02-19 16:00:00,0.886849438914791
2002-02-20 16:00:00,0.8812280884334934
2002-02-21 16:00:00,0.8740191240942113
2002-02-24 16:00:00,0.8585760817668694
2002-02-25 16:00:00,0.8568747354484082
2002-02-26 16:00:00,0.8874616923207549
2002-02-28 16:00:00,0.8850732345755211
2002-03-03 16:00:00,0.9152518957185181
2002-03-04 16:00:00,0.9282254601866413
2002-03-05 16:00:00,0.9500096006933205
2002-03-06 16:00:00,0.9423098750814398
2002-03-07 16:00:00,0.9366230999071591
2002-03-10 16:00:00,0.9653855446727424
2002-03-11 16:00:00,0.9539000115938655
2002-03-12 16:00:00,0.9485715507265045
2002-03-13 16:00:00,0.9457920663278594
2002-03-14 16:00:00,0.9272439376414442
2002-03-17 16:00:00,0.9304627564609941
2002-03-18 16:00:00,0.9202765121396292
2002-03-19 16:00:00,0.9440096998954131
2002-03-20 16:00:00,0.9420559359823956
2002-03-21 16:00:00,0.9566857341609113
2002-03-24 16:00:00,0.9689549942015476
2002-03-25 16:00:00,0.9726117020127387
2002-03-26 16:00:00,0.9578276232791416
2002-03-27 16:00:00,0.9675138251505314
2002-03-28 16:00:00,0.9609000733669478
2002-03-31 16:00:00,0.9638555958348524
2002-04-01 16:00:00,0.9727394323145049
2002-04-02 16:00:00,0.9807164521193201
2002-04-03 16:00:00,0.9670728931499142
2002-04-07 16:00:00,0.9645395881774245
2002-04-08 16:00:00,0.9456908102041841
2002-04-09 16:00:00,0.9440330549893035
2002-04-10 16:00:00,0.9462999445259476
2002-04-11 16:00:00,0.9632557426904654
2002-04-14 16:00:00,0.965345072653362
2002-04-15 16:00:00,0.9749626546723437
2002-04-16 16:00:00,0.9956764928469523
2002-04-17 16:00:00,0.9951358262271479
2002-04-18 16:00:00,1.004625754019588
2002-04-21 16:00:00,1.0068349785361375
2002-04-22 16:00:00,0.9956671355943512
2002-04-23 16:00:00,1.005758438035666
2002-04-24 16:00:00,0.9902093468455115
2002-04-25 16:00:00,0.9826281464332447
2002-04-28 16:00:00,0.9667612890307753
2002-04-29 16:00:00,0.9450488874607044
2002-05-01 16:00:00,0.9142158272374266
2002-05-02 16:00:00,0.9208358171894109
2002-05-05 16:00:00,0.879106046124105
2002-05-06 16:00:00,0.8824557904048458
2002-05-07 16:00:00,0.889864147907278
2002-05-08 16:00:00,0.8941875789851027
2002-05-09 16:00:00,0.9047851620447935
2002-05-12 16:00:00,0.8947142477636176
2002-05-13 16:00:00,0.8967801465573993
2002-05-14 16:00:00,0.9208934822095055
2002-05-15 16:00:00,0.9038769760159172
2002-05-16 16:00:00,0.9020649402459553
2002-05-19 16:00:00,0.8685474135793069
2002-05-20 16:00:00,0.8480548021572509
2002-05-21 16:00:00,0.8633950668564297
2002-05-22 16:00:00,0.8646913126049658
2002-05-23 16:00:00,0.8890649015997412
2002-05-26 16:00:00,0.8927262499996206
2002-05-27 16:00:00,0.883320461405366
2002-05-28 16:00:00,0.8761068564773956
2002-05-29 16:00:00,0.8937061749651054
2002-05-30 16:00:00,0.8842739882679843
2002-06-02 16:00:00,0.8679818703611241
2002-06-03 16:00:00,0.8612387146208376
2002-06-04 16:00:00,0.8723972003100228
2002-06-05 16:00:00,0.8710884782246853
2002-06-06 16:00:00,0.8464718288879547
2002-06-09 16:00:00,0.8568030725870243
2002-06-10 16:00:00,0.8421716768287961
2002-06-11 16:00:00,0.8413210036695655
2002-06-12 16:00:00,0.8666030069188905
2002-06-13 16:00:00,0.8665858899934007
2002-06-16 16:00:00,0.8627983327962433
2002-06-17 16:00:00,0.8625817466323791
2002-06-18 16:00:00,0.8412493408081816
2002-06-19 16:00:00,0.8484583051474637
2002-06-20 16:00:00,0.8507579070305993
2002-06-23 16:00:00,0.8389731700941607
2002-06-24 16:00:00,0.8282462591529915
2002-06-25 16:00:00,0.7981764616561099
2002-06-26 16:00:00,0.7901869655144931
2002-06-27 16:00:00,0.8029548986510654
2002-06-30 16:00:00,0.7742266877364616
2002-07-01 16:00:00,0.7782401883500845
2002-07-02 16:00:00,0.7864570733374301
2002-07-03 16:00:00,0.7993854491222602
2002-07-04 16:00:00,0.8187719267815534
2002-07-07 16:00:00,0.8378778390132628
2002-07-08 16:00:00,0.8395387133123436
2002-07-09 16:00:00,0.8198282312723347
2002-07-10 16:00:00,0.8105704850647608
2002-07-11 16:00:00,0.8438979758208603
2002-07-14 16:00:00,0.840238148925469
2002-07-15 16:00:00,0.8285531466082177
2002-07-16 16:00:00,0.818084815354781
2002-07-17 16:00:00,0.8167277855019499
2002-07-18 16:00:00,0.8042340274741119
2002-07-21 16:00:00,0.7857840358271715
2002-07-22 16:00:00,0.8038149290628973
2002-07-23 16:00:00,0.7851577085046938
2002-07-24 16:00:00,0.7860286176736146
2002-07-25 16:00:00,0.7564684481049825
2002-07-28 16:00:00,0.7569514497046923
2002-07-29 16:00:00,0.7797919707773773
2002-07-30 16:00:00,0.7697178613367767
2002-07-31 16:00:00,0.7660113242536042
2002-08-01 16:00:00,0.7666813187548869
2002-08-04 16:00:00,0.7223994521366648
2002-08-05 16:00:00,0.7123782910522459
2002-08-06 16:00:00,0.73549618239309
2002-08-07 16:00:00,0.7323022401719186
2002-08-08 16:00:00,0.7558608352877065
2002-08-11 16:00:00,0.7559589723271813
2002-08-12 16:00:00,0.7506400208628702
2002-08-13 16:00:00,0.7614681879277146
2002-08-14 16:00:00,0.7683297167171662
2002-08-15 16:00:00,0.7663899506454382
2002-08-18 16:00:00,0.7615569677145885
2002-08-19 16:00:00,0.7664273035806183
2002-08-20 16:00:00,0.761524255368097
2002-08-21 16:00:00,0.7722278872906001
2002-08-22 16:00:00,0.7741535033705899
2002-08-25 16:00:00,0.7690229902371153
2002-08-26 16:00:00,0.7601313940845741
2002-08-27 16:00:00,0.7462307769319236
2002-08-28 16:00:00,0.7479445995871864
2002-08-29 16:00:00,0.7423841092854081
2002-09-01 16:00:00,0.7236318707719301
2002-09-02 16:00:00,0.7148259353220624
2002-09-03 16:00:00,0.7064266219466077
2002-09-04 16:00:00,0.6947758534803359
2002-09-08 16:00:00,0.7062895343922404
2002-09-09 16:00:00,0.7272822643394959
2002-09-10 16:00:00,0.7261168679769263
2002-09-11 16:00:00,0.7240665646041464
2002-09-12 16:00:00,0.7135966357709974
2002-09-15 16:00:00,0.6944315370147056
2002-09-16 16:00:00,0.7219616392202481
2002-09-17 16:00:00,0.6984028919540113
2002-09-18 16:00:00,0.6997521621339534
2002-09-19 16:00:00,0.690083153263278
2002-09-22 16:00:00,0.6743705003406656
2002-09-23 16:00:00,0.6679109530369389
2002-09-24 16:00:00,0.6521765426001485
2002-09-25 16:00:00,0.6578274863437372
2002-09-26 16:00:00,0.6557365588011282
2002-09-29 16:00:00,0.6530895213681619
2002-09-30 16:00:00,0.6485650234722504
2002-10-01 16:00:00,0.649965644428662
2002-10-02 16:00:00,0.6350431468242709
2002-10-03 16:00:00,0.633767137085425
2002-10-06 16:00:00,0.6113707051351697
2002-10-07 16:00:00,0.6176401024155108
2002-10-08 16:00:00,0.6150428942545259
2002-10-10 16:00:00,0.5998414288022632
2002-10-13 16:00:00,0.6093359211081671
2002-10-14 16:00:00,0.64368844943782
2002-10-15 16:00:00,0.6579988077490839
2002-10-16 16:00:00,0.6669559046698327
2002-10-17 16:00:00,0.6945888605787627
2002-10-20 16:00:00,0.6954224168125035
2002-10-21 16:00:00,0.683416377048288
2002-10-22 16:00:00,0.7151094676833974
2002-10-23 16:00:00,0.712759960453056
2002-10-24 16:00:00,0.711086685892398
2002-10-27 16:00:00,0.7168996698639568
2002-10-28 16:00:00,0.7095395440537937
2002-10-29 16:00:00,0.7009082012439218
2002-10-30 16:00:00,0.7134361931227395
2002-10-31 16:00:00,0.7011917336052573
2002-11-03 16:00:00,0.7141435405592024
2002-11-04 16:00:00,0.7114045281799376
2002-11-05 16:00:00,0.7362144085866418
2002-11-06 16:00:00,0.7412997330368233
2002-11-07 16:00:00,0.749561806707462
2002-11-10 16:00:00,0.7267587907204057
2002-11-11 16:00:00,0.7286004197526589
2002-11-12 16:00:00,0.7278681196425932
2002-11-13 16:00:00,0.7269005949386856
2002-11-14 16:00:00,0.7499544309405857
2002-11-17 16:00:00,0.7463834599072924
2002-11-18 16:00:00,0.7363950872445896
2002-11-19 16:00:00,0.7250216129712526
2002-11-20 16:00:00,0.7134845008902331
2002-11-21 16:00:00,0.7334520411134865
2002-11-24 16:00:00,0.7358748087849243
2002-11-25 16:00:00,0.7288216465052115
2002-11-26 16:00:00,0.7218323113387696
2002-11-27 16:00:00,0.7186493239499117
2002-11-28 16:00:00,0.7239605918165585
2002-12-01 16:00:00,0.7296458454863511
2002-12-02 16:00:00,0.7469007714332062
2002-12-03 16:00:00,0.7365493677996708
2002-12-04 16:00:00,0.7408977515510983
2002-12-05 16:00:00,0.7383394939050058
2002-12-08 16:00:00,0.7515342851256815
2002-12-09 16:00:00,0.7408369674468036
2002-12-10 16:00:00,0.7321745098701525
2002-12-11 16:00:00,0.7275456367663655
2002-12-12 16:00:00,0.7148384116588636
2002-12-15 16:00:00,0.7138895253849338
2002-12-16 16:00:00,0.7082137050429665
2002-12-17 16:00:00,0.7067039922147667
2002-12-18 16:00:00,0.708776129176949
2002-12-19 16:00:00,0.7160115676943221
2002-12-22 16:00:00,0.7124437157452291
2002-12-23 16:00:00,0.708039188478195
2002-12-24 16:00:00,0.6986802622221703
2002-12-25 16:00:00,0.7116023998385995
2002-12-26 16:00:00,0.7084785228990997
2002-12-29 16:00:00,0.6945234358857796
2002-12-30 16:00:00,0.6936977154001519
2003-01-01 16:00:00,0.7049808883821272
2003-01-02 16:00:00,0.7207868856050772
2003-01-05 16:00:00,0.7306865545561307
2003-01-06 16:00:00,0.7324346871375974
2003-01-07 16:00:00,0.7536002599946876
2003-01-08 16:00:00,0.7499856217825892
2003-01-09 16:00:00,0.7557611006685193
2003-01-12 16:00:00,0.7776449757943857
2003-01-13 16:00:00,0.777825730527558
2003-01-14 16:00:00,0.7817643731203721
2003-01-15 16:00:00,0.7701712696741948
2003-01-16 16:00:00,0.7646386989797711
2003-01-19 16:00:00,0.7713771380561448
2003-01-20 16:00:00,0.7705732511599197
2003-01-21 16:00:00,0.7779581774932368
2003-01-22 16:00:00,0.791283818099879
2003-01-23 16:00:00,0.7879371929033387
2003-01-26 16:00:00,0.7747361635142623
2003-01-27 16:00:00,0.7813686298030482
2003-02-05 16:00:00,0.7530783078800856
2003-02-06 16:00:00,0.7377770697710235
2003-02-09 16:00:00,0.7235212573956538
2003-02-10 16:00:00,0.7196433228319102
2003-02-11 16:00:00,0.7205610182638365
2003-02-12 16:00:00,0.702346251210738
2003-02-13 16:00:00,0.7001697390406801
2003-02-16 16:00:00,0.7330578953758748
2003-02-17 16:00:00,0.7175135208496333
2003-02-18 16:00:00,0.7090254276873049
2003-02-19 16:00:00,0.7090051916776148
2003-02-20 16:00:00,0.708639041622582
2003-02-23 16:00:00,0.7181196121624209
2003-02-24 16:00:00,0.6939937240982889
2003-02-25 16:00:00,0.6943582765736094
2003-02-26 16:00:00,0.6905832717884778
2003-03-02 16:00:00,0.7052644207434628
2003-03-03 16:00:00,0.7010577651350908
2003-03-04 16:00:00,0.6883474970186129
2003-03-05 16:00:00,0.6851270806193506
2003-03-06 16:00:00,0.6778277389134824
2003-03-09 16:00:00,0.6730602567508402
2003-03-10 16:00:00,0.663783796038064
2003-03-11 16:00:00,0.6743315498257734
2003-03-12 16:00:00,0.6822525782654311
2003-03-13 16:00:00,0.6973932976510111
2003-03-16 16:00:00,0.678980735014475
2003-03-17 16:00:00,0.7072944881065525
2003-03-18 16:00:00,0.7034539825532133
2003-03-19 16:00:00,0.7165693512396163
2003-03-20 16:00:00,0.7146482996730904
2003-03-23 16:00:00,0.7121181137848012
2003-03-24 16:00:00,0.700923796664924
2003-03-25 16:00:00,0.7004906243371956
2003-03-26 16:00:00,0.7033247307469593
2003-03-27 16:00:00,0.6975241470369775
2003-03-30 16:00:00,0.6732518902411017
2003-03-31 16:00:00,0.6758054312232814
2003-04-01 16:00:00,0.67174681800159
2003-04-02 16:00:00,0.6790430406232578
2003-04-03 16:00:00,0.7009783426008181
2003-04-06 16:00:00,0.7129204791765384
2003-04-07 16:00:00,0.7092778452818612
2003-04-08 16:00:00,0.70693145713572
2003-04-09 16:00:00,0.7075499487100846
2003-04-10 16:00:00,0.7058423642232227
2003-04-13 16:00:00,0.6948443972575195
2003-04-14 16:00:00,0.6991725449992569
2003-04-15 16:00:00,0.7181382505923986
2003-04-16 16:00:00,0.7114917864623233
2003-04-17 16:00:00,0.7257694324270956
2003-04-20 16:00:00,0.7241834161488234
2003-04-21 16:00:00,0.7098465075842442
2003-04-22 16:00:00,0.7112222519422774
2003-04-23 16:00:00,0.6816215342790405
2003-04-24 16:00:00,0.6595911382709814
2003-04-27 16:00:00,0.6449395065030631
2003-04-28 16:00:00,0.6544153603789892
2003-04-29 16:00:00,0.6462747027664915
2003-05-01 16:00:00,0.6524678346343725
2003-05-04 16:00:00,0.6546958497313486
2003-05-05 16:00:00,0.6575517136552905
2003-05-06 16:00:00,0.666192489792988
2003-05-07 16:00:00,0.6530022630857762
2003-05-08 16:00:00,0.6612488934858619
2003-05-11 16:00:00,0.6638725758249376
2003-05-12 16:00:00,0.6753349059603728
2003-05-13 16:00:00,0.6763492169272859
2003-05-14 16:00:00,0.6748130299209951
2003-05-15 16:00:00,0.66741707268014
2003-05-18 16:00:00,0.663059255600887
2003-05-19 16:00:00,0.662403335016118
2003-05-20 16:00:00,0.6569580986793044
2003-05-21 16:00:00,0.6654741875242117
2003-05-22 16:00:00,0.6776610580968239
2003-05-25 16:00:00,0.6957417806045311
2003-05-26 16:00:00,0.6934888889091765
2003-05-27 16:00:00,0.6971191225422766
2003-05-28 16:00:00,0.7078117235572419
2003-05-29 16:00:00,0.7098153167422407
2003-06-01 16:00:00,0.7311664370716403
2003-06-02 16:00:00,0.7288512397675028
2003-06-04 16:00:00,0.7382397592858189
2003-06-05 16:00:00,0.7385685564056718
2003-06-08 16:00:00,0.7520437609034825
2003-06-09 16:00:00,0.7528633192959339
2003-06-10 16:00:00,0.7485709269096641
2003-06-11 16:00:00,0.760065969391591
2003-06-12 16:00:00,0.7606065599361709
2003-06-15 16:00:00,0.7622362433932481
2003-06-16 16:00:00,0.774829659965049
2003-06-17 16:00:00,0.7788617990086496
2003-06-18 16:00:00,0.7866269493135135
2003-06-19 16:00:00,0.7794087037968547
2003-06-22 16:00:00,0.7668106466363654
2003-06-23 16:00:00,0.7648771187330382
2003-06-24 16:00:00,0.7686911501082866
2003-06-25 16:00:00,0.7624933015764928
2003-06-26 16:00:00,0.7599833516978937
2003-06-29 16:00:00,0.75908748985537
2003-06-30 16:00:00,0.7817767733819496
2003-07-01 16:00:00,0.7938452709053968
2003-07-02 16:00:00,0.7938561496624859
2003-07-03 16:00:00,0.8026651281213297
2003-07-06 16:00:00,0.8292153053613875
2003-07-07 16:00:00,0.836337011418284
2003-07-08 16:00:00,0.8349254356295589
2003-07-09 16:00:00,0.8230019374838164
2003-07-10 16:00:00,0.8163928262889212
2003-07-13 16:00:00,0.8335279337573477
2003-07-14 16:00:00,0.8313342285865756
2003-07-15 16:00:00,0.8434882346622472
2003-07-16 16:00:00,0.8256708085061852
2003-07-17 16:00:00,0.823780947781663
2003-07-20 16:00:00,0.8131739313941467
2003-07-21 16:00:00,0.8196724292127657
2003-07-22 16:00:00,0.82386044639116
2003-07-23 16:00:00,0.8417556975017821
2003-07-24 16:00:00,0.8405092810252274
2003-07-27 16:00:00,0.8493977580935682
2003-07-28 16:00:00,0.8323625373947777
2003-07-29 16:00:00,0.8268658742062703
2003-07-30 16:00:00,0.8286045734599115
2003-07-31 16:00:00,0.8398486437765457
2003-08-03 16:00:00,0.8377734638053873
2003-08-04 16:00:00,0.8194294449460349
2003-08-05 16:00:00,0.8141913614452599
2003-08-06 16:00:00,0.8193701823462279
2003-08-07 16:00:00,0.8152383086834403
2003-08-10 16:00:00,0.8124417073593053
2003-08-11 16:00:00,0.8187735243612659
2003-08-12 16:00:00,0.8479129979389711
2003-08-13 16:00:00,0.8470529675271394
2003-08-14 16:00:00,0.8551531531202569
2003-08-17 16:00:00,0.859524891965575
2003-08-18 16:00:00,0.8588020251833348
2003-08-19 16:00:00,0.8637019543116559
2003-08-20 16:00:00,0.8743353688020387
2003-08-21 16:00:00,0.8797510879517855
2003-08-24 16:00:00,0.8860190017652508
2003-08-25 16:00:00,0.8659829177648138
2003-08-26 16:00:00,0.8652319792247704
2003-08-27 16:00:00,0.8605096096701969
2003-08-28 16:00:00,0.8804070085365543
2003-08-31 16:00:00,0.8867886548104963
2003-09-01 16:00:00,0.8905528569137632
2003-09-02 16:00:00,0.8838891997829738
2003-09-03 16:00:00,0.8764807662053172
2003-09-04 16:00:00,0.8785684985885015
2003-09-07 16:00:00,0.8922759607464027
2003-09-08 16:00:00,0.8850592367342319
2003-09-09 16:00:00,0.8761380473193995
2003-09-11 16:00:00,0.87954226146081
2003-09-14 16:00:00,0.876105334972908
2003-09-15 16:00:00,0.8879524535933538
2003-09-16 16:00:00,0.8954122379474798
2003-09-17 16:00:00,0.8959840193340634
2003-09-18 16:00:00,0.8970902291720506
2003-09-21 16:00:00,0.8842895836889866
2003-09-22 16:00:00,0.8855764721849216
2003-09-23 16:00:00,0.8915514963844504
2003-09-24 16:00:00,0.8862339903494029
2003-09-25 16:00:00,0.880294797580566
2003-09-28 16:00:00,0.8792649672678754
2003-09-29 16:00:00,0.8742653035203672
2003-09-30 16:00:00,0.8696302683234038
2003-10-01 16:00:00,0.8880459500441402
2003-10-02 16:00:00,0.8955134940711548
2003-10-05 16:00:00,0.9116248572448427
2003-10-06 16:00:00,0.9124786494882735
2003-10-07 16:00:00,0.9070442158333245
2003-10-08 16:00:00,0.9145351910294541
2003-10-12 16:00:00,0.9305188999766005
2003-10-13 16:00:00,0.9252137942031301
2003-10-14 16:00:00,0.9230263272007587
2003-10-15 16:00:00,0.940376423253337
2003-10-16 16:00:00,0.9414623210064097
2003-10-19 16:00:00,0.9469434648491398
2003-10-20 16:00:00,0.9443836096233348
2003-10-21 16:00:00,0.9413298740407309
2003-10-22 16:00:00,0.9273654297748095
2003-10-23 16:00:00,0.9220541619081627
2003-10-26 16:00:00,0.9283500714042069
2003-10-27 16:00:00,0.9465633169528173
2003-10-28 16:00:00,0.9497447828371871
2003-10-29 16:00:00,0.9516548795713995
2003-10-30 16:00:00,0.9418378283140434
2003-11-02 16:00:00,0.9484329416676494
2003-11-03 16:00:00,0.9517889241167908
2003-11-04 16:00:00,0.9569817428590484
2003-11-05 16:00:00,0.9368957535114055
2003-11-06 16:00:00,0.9436622643455825
2003-11-09 16:00:00,0.9440049832315005
2003-11-10 16:00:00,0.9382481427755481
2003-11-11 16:00:00,0.9321205116758746
2003-11-12 16:00:00,0.9403296369903316
2003-11-13 16:00:00,0.9417832823781492
2003-11-16 16:00:00,0.9273794276160988
2003-11-17 16:00:00,0.9253774320108124
2003-11-18 16:00:00,0.9138543177710823
2003-11-19 16:00:00,0.9089824604005646
2003-11-20 16:00:00,0.908331180404484
2003-11-23 16:00:00,0.9070099819823451
2003-11-24 16:00:00,0.9131797587563356
2003-11-25 16:00:00,0.9130909028942374
2003-11-26 16:00:00,0.8943885697279652
2003-11-27 16:00:00,0.8992496244166182
2003-11-30 16:00:00,0.9145803797127471
2003-12-01 16:00:00,0.921011931333895
2003-12-02 16:00:00,0.916886295839508
2003-12-03 16:00:00,0.9224155952992825
2003-12-04 16:00:00,0.919235726994625
2003-12-07 16:00:00,0.910993813258452
2003-12-08 16:00:00,0.9129273411617793
2003-12-09 16:00:00,0.9041806683117184
2003-12-10 16:00:00,0.914094259028837
2003-12-11 16:00:00,0.9127341100918057
2003-12-14 16:00:00,0.9230045696865804
2003-12-15 16:00:00,0.917238371978027
2003-12-16 16:00:00,0.8961709361604117
2003-12-17 16:00:00,0.898780620658198
2003-12-18 16:00:00,0.897295860503601
2003-12-21 16:00:00,0.9091179503752196
2003-12-22 16:00:00,0.9107382765796957
2003-12-23 16:00:00,0.9126640448101343
2003-12-24 16:00:00,0.9120143623937661
2003-12-25 16:00:00,0.9125611911067468
2003-12-28 16:00:00,0.9044097308123843
2003-12-29 16:00:00,0.9140475488410562
2003-12-30 16:00:00,0.9177774410181192
2004-01-01 16:00:00,0.9412831638529497
2004-01-04 16:00:00,0.9543487032673714
2004-01-05 16:00:00,0.9572450392106936
2004-01-06 16:00:00,0.95681506204239
2004-01-07 16:00:00,0.9611648912230811
2004-01-08 16:00:00,0.9701718174158114
2004-01-11 16:00:00,0.9690391333997334
2004-01-12 16:00:00,0.967560611413537
2004-01-13 16:00:00,0.9776487186954271
2004-01-14 16:00:00,0.9759972016489472
2004-01-15 16:00:00,0.9768291603029756
2004-01-26 16:00:00,0.9947338447414232
2004-01-27 16:00:00,0.9949862623359794
2004-01-28 16:00:00,0.9835192916118558
2004-01-29 16:00:00,0.9932926756904068
2004-02-01 16:00:00,0.9846582137963346
2004-02-02 16:00:00,0.9741057433447124
2004-02-03 16:00:00,0.9724169494382771
2004-02-04 16:00:00,0.9765845784565325
2004-02-05 16:00:00,0.9898603897911931
2004-02-08 16:00:00,1.0069580682492152
2004-02-09 16:00:00,1.0108919941781165
2004-02-10 16:00:00,1.0056026359760966
2004-02-11 16:00:00,1.0028854571862342
2004-02-12 16:00:00,1.0203710432134674
2004-02-15 16:00:00,1.022893469428868
2004-02-16 16:00:00,1.0283621369347966
2004-02-17 16:00:00,1.0292003337572257
2004-02-18 16:00:00,1.040989787357577
2004-02-19 16:00:00,1.038500073488668
2004-02-22 16:00:00,1.0385546194245623
2004-02-23 16:00:00,1.0266108852691296
2004-02-24 16:00:00,1.0351876821431074
2004-02-25 16:00:00,1.0428172663980921
2004-02-26 16:00:00,1.0517431724768374
2004-02-29 16:00:00,1.0732266636966916
2004-03-01 16:00:00,1.0867548926259085
2004-03-02 16:00:00,1.0800414062231376
2004-03-03 16:00:00,1.0959223375421208
2004-03-04 16:00:00,1.0818347274878974
2004-03-07 16:00:00,1.0752598501439816
2004-03-08 16:00:00,1.086543023125957
2004-03-09 16:00:00,1.0711202168083052
2004-03-10 16:00:00,1.0717745398133618
2004-03-11 16:00:00,1.0594865652675234
2004-03-14 16:00:00,1.033894555478772
2004-03-15 16:00:00,1.0266872647944267
2004-03-16 16:00:00,1.024858112098975
2004-03-17 16:00:00,1.0574283500714061
2004-03-18 16:00:00,1.0618001649919486
2004-03-21 16:00:00,0.9908839819354833
2004-03-22 16:00:00,0.961744508357778
2004-03-23 16:00:00,0.9680809659484271
2004-03-24 16:00:00,0.9592267227310658
2004-03-25 16:00:00,0.9554705085263607
2004-03-28 16:00:00,1.0086750099886788
2004-03-29 16:00:00,1.0118844715556274
2004-03-30 16:00:00,1.0161659091095838
2004-03-31 16:00:00,1.0163684974321587
2004-04-01 16:00:00,1.019803902415573
2004-04-04 16:00:00,1.0411783017636387
2004-04-05 16:00:00,1.0338260117015887
2004-04-06 16:00:00,1.035571025198855
2004-04-07 16:00:00,1.0396405171776355
2004-04-08 16:00:00,1.0314609090502453
2004-04-11 16:00:00,1.0559871810203898
2004-04-12 16:00:00,1.0585657507513968
2004-04-13 16:00:00,1.0719412967052446
2004-04-14 16:00:00,1.0496008941577593
2004-04-15 16:00:00,1.0622847641713706
2004-04-18 16:00:00,1.0562053647639662
2004-04-19 16:00:00,1.0594444956684306
2004-04-20 16:00:00,1.0610461073677047
2004-04-21 16:00:00,1.0488685940476936
2004-04-22 16:00:00,1.0513630245805154
2004-04-25 16:00:00,1.0455360427676672
2004-04-26 16:00:00,1.0355803063762314
2004-04-27 16:00:00,1.024354874489575
2004-04-28 16:00:00,0.9974728571206882
2004-04-29 16:00:00,0.9531630708951118
2004-05-02 16:00:00,0.9394462514846095
2004-05-03 16:00:00,0.9641220112706981
2004-05-04 16:00:00,0.9120969040122391
2004-05-05 16:00:00,0.9207532755709383
2004-05-06 16:00:00,0.941080575530375
2004-05-09 16:00:00,0.9075505725269252
2004-05-10 16:00:00,0.917102805928148
2004-05-11 16:00:00,0.9283875004146113
2004-05-12 16:00:00,0.9220463261600496
2004-05-13 16:00:00,0.9001142954171385
2004-05-16 16:00:00,0.8542525746138205
2004-05-17 16:00:00,0.86589413797794
2004-05-18 16:00:00,0.9130862623055492
2004-05-19 16:00:00,0.9060362951852612
2004-05-20 16:00:00,0.9293456678659178
2004-05-23 16:00:00,0.9257840540852256
2004-05-24 16:00:00,0.928323597226116
2004-05-25 16:00:00,0.9390567463356859
2004-05-26 16:00:00,0.9399572487668979
2004-05-27 16:00:00,0.9561933753086005
2004-05-30 16:00:00,0.9313554992193173
2004-05-31 16:00:00,0.9326580592114785
2004-06-01 16:00:00,0.9154372910403786
2004-06-02 16:00:00,0.8836196652629279
2004-06-03 16:00:00,0.8919457181972862
2004-06-06 16:00:00,0.9248086936332048
2004-06-07 16:00:00,0.9327451653434156
2004-06-08 16:00:00,0.9294641169903073
2004-06-09 16:00:00,0.9141659218902212
2004-06-10 16:00:00,0.8935316584003341
2004-06-13 16:00:00,0.8684492765398323
2004-06-14 16:00:00,0.8797308519420953
2004-06-15 16:00:00,0.8662805240426632
2004-06-16 16:00:00,0.8825134554249409
2004-06-17 16:00:00,0.8677029785884773
2004-06-20 16:00:00,0.8657165023289682
2004-06-22 16:00:00,0.8926327535488344
2004-06-23 16:00:00,0.9003900681055853
2004-06-24 16:00:00,0.904045178337064
2004-06-27 16:00:00,0.8896008515556333
2004-06-28 16:00:00,0.8945366121146463
2004-06-29 16:00:00,0.9097925854651909
2004-06-30 16:00:00,0.9093984397275792
2004-07-01 16:00:00,0.8953436941702961
2004-07-04 16:00:00,0.8818013913245654
2004-07-05 16:00:00,0.8932980313862044
2004-07-06 16:00:00,0.8923959313752801
2004-07-07 16:00:00,0.890153994512239
2004-07-08 16:00:00,0.9001766771011458
2004-07-11 16:00:00,0.8972195570535288
2004-07-12 16:00:00,0.8858195325268764
2004-07-13 16:00:00,0.8761722811703792
2004-07-14 16:00:00,0.8635757455143779
2004-07-15 16:00:00,0.8572408855034414
2004-07-18 16:00:00,0.8552092205606392
2004-07-19 16:00:00,0.8297482123083031
2004-07-20 16:00:00,0.8427496963837807
2004-07-21 16:00:00,0.8394514550299582
2004-07-22 16:00:00,0.8372531092704978
2004-07-25 16:00:00,0.8306876652544076
2004-07-26 16:00:00,0.8411106556741026
2004-07-27 16:00:00,0.8387674626873862
2004-07-28 16:00:00,0.833484342653767
2004-07-29 16:00:00,0.8445320628162272
2004-08-01 16:00:00,0.8335995966187316
2004-08-02 16:00:00,0.8362201598736071
2004-08-03 16:00:00,0.8283755870344706
2004-08-04 16:00:00,0.8456289154016132
2004-08-05 16:00:00,0.8411963924520003
2004-08-08 16:00:00,0.8412415811352932
2004-08-09 16:00:00,0.8403503598814579
2004-08-10 16:00:00,0.8362387983035847
2004-08-11 16:00:00,0.8363447710911727
2004-08-12 16:00:00,0.8397583424851841
2004-08-15 16:00:00,0.8338504166335753
2004-08-16 16:00:00,0.8323672540586906
2004-08-17 16:00:00,0.8456507489910157
2004-08-18 16:00:00,0.8729534623508293
2004-08-19 16:00:00,0.8760491914573014
2004-08-22 16:00:00,0.8819868627216504
2004-08-25 16:00:00,0.9057340483187238
2004-08-26 16:00:00,0.9032911207128204
2004-08-29 16:00:00,0.9019247336073882
2004-08-30 16:00:00,0.8982789806285107
2004-08-31 16:00:00,0.9127061144092272
2004-09-01 16:00:00,0.9118819154280875
2004-09-02 16:00:00,0.8975934667814506
2004-09-05 16:00:00,0.8999071425811
2004-09-06 16:00:00,0.9109439839864711
2004-09-07 16:00:00,0.910817775189193
2004-09-08 16:00:00,0.9103363711691956
2004-09-09 16:00:00,0.9108442493672839
2004-09-12 16:00:00,0.9236246588406578
2004-09-13 16:00:00,0.9223081010072072
2004-09-14 16:00:00,0.9147205863513153
2004-09-15 16:00:00,0.9178335084585016
2004-09-16 16:00:00,0.9065130586165707
2004-09-19 16:00:00,0.9137032323754263
2004-09-20 16:00:00,0.9269026641847904
2004-09-21 16:00:00,0.9301621071741695
2004-09-22 16:00:00,0.9250315179654705
2004-09-23 16:00:00,0.918014263191674
2004-09-26 16:00:00,0.911316372209905
2004-09-28 16:00:00,0.9051669075208291
2004-09-29 16:00:00,0.9107663483374997
2004-09-30 16:00:00,0.926293529863027
2004-10-03 16:00:00,0.9469543436062294
2004-10-04 16:00:00,0.9474295094578261
2004-10-05 16:00:00,0.9442511626576565
2004-10-06 16:00:00,0.9508556332638635
2004-10-07 16:00:00,0.950724783877897
2004-10-10 16:00:00,0.9487179955334735
2004-10-11 16:00:00,0.931623512234876
2004-10-12 16:00:00,0.92905429975647
2004-10-13 16:00:00,0.9084885039685422
2004-10-14 16:00:00,0.9068915328579565
2004-10-17 16:00:00,0.8993041703525133
2004-10-18 16:00:00,0.9048615415700912
2004-10-19 16:00:00,0.9018312371566023
2004-10-20 16:00:00,0.9032179363469489
2004-10-21 16:00:00,0.8997014351743253
2004-10-25 16:00:00,0.8822843929242759
2004-10-26 16:00:00,0.8804288421259576
2004-10-27 16:00:00,0.8873760316180825
2004-10-28 16:00:00,0.8889917172338704
2004-10-31 16:00:00,0.8812389671905836
2004-11-01 16:00:00,0.8973550470281842
2004-11-02 16:00:00,0.9134399360237813
2004-11-03 16:00:00,0.9131096173994404
2004-11-04 16:00:00,0.9241060628606557
2004-11-07 16:00:00,0.9250642303119622
2004-11-08 16:00:00,0.9262701747691364
2004-11-09 16:00:00,0.9267827696311375
2004-11-10 16:00:00,0.9152581338869193
2004-11-11 16:00:00,0.9219014789327943
2004-11-14 16:00:00,0.920270273971229
2004-11-15 16:00:00,0.9209184348831092
2004-11-16 16:00:00,0.9392764515837512
2004-11-17 16:00:00,0.9425187015724159
2004-11-18 16:00:00,0.9389445353796979
2004-11-21 16:00:00,0.9096336643214215
2004-11-22 16:00:00,0.9116092618238414
2004-11-23 16:00:00,0.9209900977444931
2004-11-24 16:00:00,0.9122543036515213
2004-11-25 16:00:00,0.9003215243284021
2004-11-28 16:00:00,0.9013513546410926
2004-11-29 16:00:00,0.9106214250350193
2004-11-30 16:00:00,0.9034329249311005
2004-12-01 16:00:00,0.9142345417426296
2004-12-02 16:00:00,0.9181794225038444
2004-12-05 16:00:00,0.9222146045564209
2004-12-06 16:00:00,0.9231665338393267
2004-12-07 16:00:00,0.918060973379455
2004-12-08 16:00:00,0.9214045555670194
2004-12-09 16:00:00,0.9210399270164745
2004-12-12 16:00:00,0.9159390071452912
2004-12-13 16:00:00,0.9207314419815363
2004-12-14 16:00:00,0.9352100026139466
2004-12-15 16:00:00,0.9378040916907311
2004-12-16 16:00:00,0.9362600689363271
2004-12-19 16:00:00,0.9326175111168742
2004-12-20 16:00:00,0.9329150413194991
2004-12-21 16:00:00,0.935044843301776
2004-12-22 16:00:00,0.9344449901573891
2004-12-23 16:00:00,0.9378336849530222
2004-12-26 16:00:00,0.9326175111168742
2004-12-27 16:00:00,0.9348968009150954
2004-12-28 16:00:00,0.9485949818956199
2004-12-29 16:00:00,0.950522195555322
2004-12-30 16:00:00,0.9565720017004351
2005-01-02 16:00:00,0.9571064301518388
2005-01-03 16:00:00,0.9442278075637657
2005-01-04 16:00:00,0.932996061433484
2005-01-05 16:00:00,0.9320223746364
2005-01-06 16:00:00,0.9248352438865204
2005-01-09 16:00:00,0.9259040247141032
2005-01-10 16:00:00,0.9310158994175999
2005-01-11 16:00:00,0.9159686004075819
2005-01-12 16:00:00,0.912051715328946
2005-01-13 16:00:00,0.9175951647804588
2005-01-16 16:00:00,0.9262810535262248
2005-01-17 16:00:00,0.9244581389991738
2005-01-18 16:00:00,0.9185035029597839
2005-01-19 16:00:00,0.9173739380279062
2005-01-20 16:00:00,0.9112680644424109
2005-01-23 16:00:00,0.8992044357333253
2005-01-24 16:00:00,0.9009603279876807
2005-01-25 16:00:00,0.9091584984698242
2005-01-26 16:00:00,0.9103098209158801
2005-01-27 16:00:00,0.9161010473732607
2005-01-30 16:00:00,0.9339090402014972
2005-01-31 16:00:00,0.9319319972698137
2005-02-01 16:00:00,0.9377199524925453
2005-02-02 16:00:00,0.9401987876043653
2005-02-13 16:00:00,0.9523201574087697
2005-02-14 16:00:00,0.9538766564999751
2005-02-15 16:00:00,0.9571640951719329
2005-02-16 16:00:00,0.9460507220908163
2005-02-17 16:00:00,0.9527922802513905
2005-02-20 16:00:00,0.9570534057204323
2005-02-21 16:00:00,0.9515053156802311
2005-02-22 16:00:00,0.953741090450096
2005-02-23 16:00:00,0.954803633109278
2005-02-24 16:00:00,0.9671882231901033
2005-02-28 16:00:00,0.9752680206230819
2005-03-01 16:00:00,0.9699022828957653
2005-03-02 16:00:00,0.9663390715353607
2005-03-03 16:00:00,0.964974282009641
2005-03-06 16:00:00,0.9691653421970111
2005-03-07 16:00:00,0.9618145736394491
2005-03-08 16:00:00,0.9680372987696214
2005-03-09 16:00:00,0.9648044060335578
2005-03-10 16:00:00,0.9666273205606088
2005-03-13 16:00:00,0.9590366107452921
2005-03-14 16:00:00,0.9446983328266737
2005-03-15 16:00:00,0.9460818368575955
2005-03-16 16:00:00,0.9398669474755362
2005-03-17 16:00:00,0.9416555520763832
2005-03-20 16:00:00,0.9439941044744112
2005-03-21 16:00:00,0.9377355479135469
2005-03-22 16:00:00,0.9378446397853352
2005-03-23 16:00:00,0.9349638231877905
2005-03-24 16:00:00,0.9450769592185079
2005-03-27 16:00:00,0.9424018500277382
2005-03-28 16:00:00,0.9287692458906458
2005-03-29 16:00:00,0.9282612916173332
2005-03-30 16:00:00,0.9357241189804351
2005-03-31 16:00:00,0.9392873303408397
2005-04-03 16:00:00,0.9379131835625188
2005-04-05 16:00:00,0.9369098274279193
2005-04-06 16:00:00,0.9304082105250999
2005-04-07 16:00:00,0.9385581493149744
2005-04-10 16:00:00,0.9316016786454728
2005-04-11 16:00:00,0.9338560918453154
2005-04-12 16:00:00,0.934508893345884
2005-04-13 16:00:00,0.9311748205613695
2005-04-14 16:00:00,0.9174160076269989
2005-04-17 16:00:00,0.8904297672006855
2005-04-18 16:00:00,0.8956007523535404
2005-04-19 16:00:00,0.8869786907210452
2005-04-20 16:00:00,0.8914939074395799
2005-04-21 16:00:00,0.8954044021993662
2005-04-24 16:00:00,0.897152534780833
2005-04-25 16:00:00,0.9044657982527663
2005-04-26 16:00:00,0.900262337803819
2005-04-27 16:00:00,0.9102335174658077
2005-04-28 16:00:00,0.9064631532693644
2005-05-02 16:00:00,0.9064865844384793
2005-05-03 16:00:00,0.9042212164063232
2005-05-04 16:00:00,0.9235124478846688
2005-05-05 16:00:00,0.9298161931288262
2005-05-08 16:00:00,0.9296432741437671
2005-05-09 16:00:00,0.9269868033829753
2005-05-10 16:00:00,0.9218967622688811
2005-05-11 16:00:00,0.9246186577226562
2005-05-12 16:00:00,0.9319226400172128
2005-05-15 16:00:00,0.9232600302901129
2005-05-16 16:00:00,0.9182946764688088
2005-05-17 16:00:00,0.9177992746075219
2005-05-18 16:00:00,0.9302446487926421
2005-05-19 16:00:00,0.9277486967553324
2005-05-22 16:00:00,0.9169610777850927
2005-05-23 16:00:00,0.9206457812788627
2005-05-24 16:00:00,0.9174408842253777
2005-05-25 16:00:00,0.9253695962626995
2005-05-26 16:00:00,0.9334914632947708
2005-05-29 16:00:00,0.9362912597783305
2005-05-30 16:00:00,0.9366091020658699
2005-05-31 16:00:00,0.930386453010922
2005-06-01 16:00:00,0.9409590833970098
2005-06-02 16:00:00,0.951626883888821
2005-06-05 16:00:00,0.9562416830760941
2005-06-06 16:00:00,0.9512903270960794
2005-06-07 16:00:00,0.9599948542718232
2005-06-08 16:00:00,0.9575424933380942
2005-06-09 16:00:00,0.9647764103509792
2005-06-12 16:00:00,0.9708059044111779
2005-06-13 16:00:00,0.9668656642386514
2005-06-14 16:00:00,0.9740855073350226
2005-06-15 16:00:00,0.9788078768895961
2005-06-16 16:00:00,0.9805450546387494
2005-06-19 16:00:00,0.9810638876691513
2005-06-20 16:00:00,0.9781924283242077
2005-06-21 16:00:00,0.9905583799750555
2005-06-22 16:00:00,0.9930558535168532
2005-06-23 16:00:00,0.9878879113729743
2005-06-26 16:00:00,0.9820142954475694
2005-06-27 16:00:00,0.9841720931124253
2005-06-28 16:00:00,0.9708994008619649
2005-06-29 16:00:00,0.9725026101409514
2005-06-30 16:00:00,0.9772077866948108
2005-07-03 16:00:00,0.9770613418878425
2005-07-04 16:00:00,0.9709601849662599
2005-07-05 16:00:00,0.9694036858750545
2005-07-06 16:00:00,0.9679314020572589
2005-07-07 16:00:00,0.9661863885599926
2005-07-10 16:00:00,0.9813707751243778
2005-07-11 16:00:00,0.9907110629504248
2005-07-12 16:00:00,0.9935590911262535
2005-07-13 16:00:00,0.9999875236632011
2005-07-14 16:00:00,0.9987784601218264
2005-07-18 16:00:00,0.9996743219643501
2005-07-19 16:00:00,1.0008381968224318
2005-07-20 16:00:00,0.9961983688863314
2005-07-21 16:00:00,0.994126231924149
2005-07-24 16:00:00,1.0003147232033416
2005-07-25 16:00:00,0.9918562233033044
2005-07-26 16:00:00,0.9857940168966142
2005-07-27 16:00:00,0.9933332237850128
2005-07-28 16:00:00,0.9834149164039814
2005-07-31 16:00:00,0.9827839484928154
2005-08-01 16:00:00,0.9883319624577922
2005-08-02 16:00:00,1.0057864337182463
2005-08-03 16:00:00,1.0042969568997366
2005-08-07 16:00:00,0.9940171400523609
2005-08-08 16:00:00,0.9940124994636725
2005-08-09 16:00:00,0.9904040994199749
2005-08-10 16:00:00,0.9899164572315767
2005-08-11 16:00:00,0.98947864431516
2005-08-14 16:00:00,0.9729996095819511
2005-08-15 16:00:00,0.9725742730023357
2005-08-16 16:00:00,0.9724994910567514
2005-08-17 16:00:00,0.9667612890307768
2005-08-18 16:00:00,0.959571039196697
2005-08-21 16:00:00,0.967004349372732
2005-08-22 16:00:00,0.9652173423515974
2005-08-23 16:00:00,0.9546323117039324
2005-08-24 16:00:00,0.9518932993246676
2005-08-25 16:00:00,0.9560827619323254
2005-08-28 16:00:00,0.9425108658243034
2005-08-29 16:00:00,0.9398124015396433
2005-08-30 16:00:00,0.9400227495351068
2005-09-01 16:00:00,0.952888819711154
2005-09-04 16:00:00,0.9501981150993827
2005-09-05 16:00:00,0.956642143057332
2005-09-06 16:00:00,0.9567979451169013
2005-09-07 16:00:00,0.9581594634079718
2005-09-08 16:00:00,0.9533578234695744
2005-09-11 16:00:00,0.9605120897225137
2005-09-12 16:00:00,0.9611508933817928
2005-09-13 16:00:00,0.9579756656658236
2005-09-14 16:00:00,0.9476710482952937
2005-09-15 16:00:00,0.9396753139852763
2005-09-18 16:00:00,0.9403529920842233
2005-09-19 16:00:00,0.9512217833188968
2005-09-20 16:00:00,0.9452997074755497
2005-09-21 16:00:00,0.9304549967881065
2005-09-22 16:00:00,0.9232070819339321
2005-09-25 16:00:00,0.9239331438755971
2005-09-26 16:00:00,0.9262467436000222
2005-09-27 16:00:00,0.9241169416177453
2005-09-28 16:00:00,0.936364520219428
2005-09-29 16:00:00,0.9532876821126786
2005-10-02 16:00:00,0.9541150001780186
2005-10-03 16:00:00,0.9569506280922704
2005-10-04 16:00:00,0.9558428206745708
2005-10-05 16:00:00,0.9497354255845875
2005-10-06 16:00:00,0.9475588373393051
2005-10-10 16:00:00,0.9451828559308728
2005-10-11 16:00:00,0.932844899962604
2005-10-12 16:00:00,0.9285931317461632
2005-10-13 16:00:00,0.9299891121138864
2005-10-16 16:00:00,0.9077406845126994
2005-10-17 16:00:00,0.9084449128649618
2005-10-18 16:00:00,0.8871579239497305
2005-10-19 16:00:00,0.8955462064176474
2005-10-20 16:00:00,0.894106558871119
2005-10-23 16:00:00,0.8907600097498031
2005-10-24 16:00:00,0.8913879346519932
2005-10-25 16:00:00,0.8881799945895323
2005-10-26 16:00:00,0.8820195750681429
2005-10-27 16:00:00,0.8776244050537099
2005-10-30 16:00:00,0.8980857495585378
2005-10-31 16:00:00,0.9034002125846095
2005-11-01 16:00:00,0.9146115705547522
2005-11-02 16:00:00,0.9126858023243136
2005-11-03 16:00:00,0.9210571200171893
2005-11-06 16:00:00,0.9130566690432591
2005-11-07 16:00:00,0.9113801993231764
2005-11-08 16:00:00,0.9302991947285372
2005-11-09 16:00:00,0.9329960614334849
2005-11-10 16:00:00,0.9465336476153028
2005-11-13 16:00:00,0.947836207607464
2005-11-14 16:00:00,0.9395974129554915
2005-11-15 16:00:00,0.9420061067104154
2005-11-16 16:00:00,0.9380705071265772
2005-11-17 16:00:00,0.9514383694827608
2005-11-20 16:00:00,0.950921057956847
2005-11-21 16:00:00,0.9440299359051043
2005-11-22 16:00:00,0.9540526945692356
2005-11-23 16:00:00,0.9522407348744981
2005-11-24 16:00:00,0.954781875595101
2005-11-27 16:00:00,0.9665665364563151
2005-11-28 16:00:00,0.9565439299426327
2005-11-29 16:00:00,0.9665089475114451
2005-11-30 16:00:00,0.9628241679424508
2005-12-01 16:00:00,0.9704787809462627
2005-12-04 16:00:00,0.989075141324947
2005-12-05 16:00:00,0.9894194577905773
2005-12-06 16:00:00,0.9861476906148456
2005-12-07 16:00:00,0.9736321750728294
2005-12-08 16:00:00,0.9759956040692359
2005-12-11 16:00:00,0.9762963294312854
2005-12-12 16:00:00,0.975500202207949
2005-12-13 16:00:00,0.9714758989124614
2005-12-14 16:00:00,0.9750779847125339
2005-12-15 16:00:00,0.989445931968668
2005-12-18 16:00:00,1.0020238291946917
2005-12-19 16:00:00,1.0014660456493976
2005-12-20 16:00:00,1.0083291720185614
2005-12-21 16:00:00,0.9998083665097414
2005-12-22 16:00:00,1.014676432291075
2005-12-25 16:00:00,1.018125911191003
2005-12-26 16:00:00,1.0176304332544919
2005-12-27 16:00:00,1.0165102255752152
2005-12-28 16:00:00,1.0244763666229415
2005-12-29 16:00:00,1.0202401177522782
2006-01-01 16:00:00,1.006797625600959
2006-01-02 16:00:00,1.0270066285864552
2006-01-03 16:00:00,1.030850253223995
2006-01-04 16:00:00,1.04540671488619
2006-01-05 16:00:00,1.0430618482445368
2006-01-08 16:00:00,1.0504734009063936
2006-01-09 16:00:00,1.045021850325955
2006-01-10 16:00:00,1.049460687519193
2006-01-11 16:00:00,1.0478589997446945
2006-01-12 16:00:00,1.041119115239057
2006-01-15 16:00:00,1.0476362514876538
2006-01-16 16:00:00,1.0455889911238498
2006-01-17 16:00:00,1.0125403921403973
2006-01-18 16:00:00,1.014623483934893
2006-01-19 16:00:00,1.0106255787422722
2006-01-22 16:00:00,0.9943194629941225
2006-01-23 16:00:00,1.0052208905000635
2006-01-24 16:00:00,1.0177224082007903
2006-02-02 16:00:00,1.0274475605870723
2006-02-05 16:00:00,1.0469787333231726
2006-02-06 16:00:00,1.0469974478283748
2006-02-07 16:00:00,1.0320451667736312
2006-02-08 16:00:00,1.0329830982152477
2006-02-09 16:00:00,1.0274973898590538
2006-02-12 16:00:00,1.0224135869133602
2006-02-13 16:00:00,1.0303096626794148
2006-02-14 16:00:00,1.0280536518998598
2006-02-15 16:00:00,1.041365218589988
2006-02-16 16:00:00,1.0397792023117158
2006-02-19 16:00:00,1.0417733621688892
2006-02-20 16:00:00,1.0331980867993995
2006-02-21 16:00:00,1.0174918241956368
2006-02-22 16:00:00,1.008765387355266
2006-02-23 16:00:00,1.018663458726607
2006-02-26 16:00:00,1.0223107332099726
2006-02-28 16:00:00,1.030375087372398
2006-03-01 16:00:00,1.0349820508115581
2006-03-02 16:00:00,1.0210690333973307
2006-03-05 16:00:00,1.0245153171378338
2006-03-06 16:00:00,1.011797213273243
2006-03-07 16:00:00,1.0064096419565238
2006-03-08 16:00:00,1.010600702143894
2006-03-09 16:00:00,1.0112566227286632
2006-03-12 16:00:00,1.0196620981972941
2006-03-13 16:00:00,1.0064781857337075
2006-03-14 16:00:00,1.015622199480805
2006-03-15 16:00:00,1.013484561750415
2006-03-16 16:00:00,1.0171599079915838
2006-03-19 16:00:00,1.0152825236038632
2006-03-20 16:00:00,1.0061697006987693
2006-03-21 16:00:00,0.9957667941383158
2006-03-22 16:00:00,0.9916131629613499
2006-03-23 16:00:00,0.9934859067603823
2006-03-26 16:00:00,1.0005328308716943
2006-03-27 16:00:00,1.0055184967779132
2006-03-28 16:00:00,1.0124017070063185
2006-03-29 16:00:00,1.0198849225295594
2006-03-30 16:00:00,1.0304654647389848
2006-04-02 16:00:00,1.0377552970418031
2006-04-03 16:00:00,1.0385094307412712
2006-04-05 16:00:00,1.0533447841761132
2006-04-06 16:00:00,1.0566353419322714
2006-04-09 16:00:00,1.056432829684921
2006-04-10 16:00:00,1.05277612187373
2006-04-11 16:00:00,1.0607734537634599
2006-04-12 16:00:00,1.0681335034983988
2006-04-13 16:00:00,1.0832151124346208
2006-04-16 16:00:00,1.0906234699370527
2006-04-17 16:00:00,1.0889673123018846
2006-04-18 16:00:00,1.0966514424927634
2006-04-19 16:00:00,1.1066165361368
2006-04-20 16:00:00,1.1051067472333758
2006-04-23 16:00:00,1.1055726319075958
2006-04-24 16:00:00,1.0999482384173223
2006-04-25 16:00:00,1.1169366728531074
2006-04-26 16:00:00,1.1118311123932356
2006-04-27 16:00:00,1.1173713666853238
2006-05-01 16:00:00,1.1217073501751744
2006-05-02 16:00:00,1.1283710073059638
2006-05-03 16:00:00,1.1443671165146874
2006-05-04 16:00:00,1.1483244736127036
2006-05-07 16:00:00,1.1644670276283953
2006-05-08 16:00:00,1.151206735639512
2006-05-09 16:00:00,1.141199648471607
2006-05-10 16:00:00,1.146923852656292
2006-05-11 16:00:00,1.1340717042463098
2006-05-14 16:00:00,1.1180849522901875
2006-05-15 16:00:00,1.101500020844615
2006-05-16 16:00:00,1.108811686736836
2006-05-17 16:00:00,1.0959113827098093
2006-05-18 16:00:00,1.102162179597785
2006-05-21 16:00:00,1.0809902164218452
2006-05-22 16:00:00,1.066301231718747
2006-05-23 16:00:00,1.0714473402732236
2006-05-24 16:00:00,1.0690542419393014
2006-05-25 16:00:00,1.0718368454221467
2006-05-28 16:00:00,1.071738708382672
2006-05-29 16:00:00,1.0667639973087666
2006-05-31 16:00:00,1.070797657856855
2006-06-01 16:00:00,1.084321322272608
2006-06-04 16:00:00,1.0462480307928201
2006-06-05 16:00:00,1.0485850616863601
2006-06-06 16:00:00,1.0302738312487236
2006-06-07 16:00:00,0.9865044073420538
2006-06-08 16:00:00,1.0040819683155855
2006-06-11 16:00:00,1.0038124337955396
2006-06-12 16:00:00,0.9873457232486835
2006-06-13 16:00:00,1.0078804042698322
2006-06-14 16:00:00,1.0012401783081577
2006-06-15 16:00:00,1.024513795633347
2006-06-18 16:00:00,1.025646479649425
2006-06-19 16:00:00,0.991449525153668
2006-06-20 16:00:00,0.9814845075848556
2006-06-21 16:00:00,1.0103950708123441
2006-06-22 16:00:00,1.0052785555201589
2006-06-25 16:00:00,1.0163980906944519
2006-06-26 16:00:00,1.0239872029300563
2006-06-27 16:00:00,1.019085676222023
2006-06-28 16:00:00,1.0294402750149831
2006-06-29 16:00:00,1.0445560417269601
2006-07-02 16:00:00,1.0467512684022204
2006-07-03 16:00:00,1.049245622859818
2006-07-04 16:00:00,1.0376306858242381
2006-07-05 16:00:00,1.0374920006901587
2006-07-06 16:00:00,1.0377319419479134
2006-07-09 16:00:00,1.041136232164548
2006-07-10 16:00:00,1.0343853167513728
2006-07-11 16:00:00,1.0336000682851254
2006-07-12 16:00:00,1.0232409049787015
2006-07-13 16:00:00,1.00149563891169
2006-07-16 16:00:00,0.9749735334294354
2006-07-17 16:00:00,0.9792596876473044
2006-07-18 16:00:00,0.9780023924136607
2006-07-19 16:00:00,1.0039433592567308
2006-07-20 16:00:00,1.0002461033509351
2006-07-23 16:00:00,0.9908387932521925
2006-07-24 16:00:00,0.9957248006144485
2006-07-25 16:00:00,0.9934500753296913
2006-07-26 16:00:00,1.0063598126845437
2006-07-27 16:00:00,1.0096035841776965
2006-07-30 16:00:00,1.0056322292383908
2006-07-31 16:00:00,1.0035880879587873
2006-08-01 16:00:00,1.0082559115774665
2006-08-02 16:00:00,1.0068380976203406
2006-08-03 16:00:00,1.0037672451122468
2006-08-06 16:00:00,0.999716391563444
2006-08-07 16:00:00,1.0130421082453105
2006-08-08 16:00:00,1.0241165308115348
2006-08-09 16:00:00,1.024956249138452
2006-08-10 16:00:00,1.0237862121871941
2006-08-13 16:00:00,1.0301429057875333
2006-08-14 16:00:00,1.0306461433969332
2006-08-15 16:00:00,1.043343859101385
2006-08-16 16:00:00,1.0490820611273597
2006-08-17 16:00:00,1.0471532498879452
2006-08-20 16:00:00,1.013631006557384
2006-08-21 16:00:00,1.0267620467400131
2006-08-22 16:00:00,1.0214850127243458
2006-08-23 16:00:00,1.020598508134423
2006-08-24 16:00:00,1.0167938340117757
2006-08-27 16:00:00,1.0041022043252756
2006-08-28 16:00:00,1.0095787075793172
2006-08-29 16:00:00,1.0262821642245035
2006-08-30 16:00:00,1.0301226697778427
2006-08-31 16:00:00,1.0363063683178981
2006-09-03 16:00:00,1.0517805254120194
2006-09-04 16:00:00,1.0492799327860212
2006-09-05 16:00:00,1.042061611194138
2006-09-06 16:00:00,1.0415677308373392
2006-09-07 16:00:00,1.0427954328086917
2006-09-10 16:00:00,1.0429154034375692
2006-09-11 16:00:00,1.032297584368188
2006-09-12 16:00:00,1.0383956982807947
2006-09-13 16:00:00,1.028112838424443
2006-09-14 16:00:00,1.0409227650848836
2006-09-17 16:00:00,1.072299611012166
2006-09-18 16:00:00,1.0722045930568918
2006-09-19 16:00:00,1.0715657893976125
2006-09-20 16:00:00,1.0734541286176467
2006-09-21 16:00:00,1.0727857316960763
2006-09-24 16:00:00,1.0767758011405841
2006-09-25 16:00:00,1.0753019197430762
2006-09-26 16:00:00,1.082238230478112
2006-09-27 16:00:00,1.0727109497504919
2006-09-28 16:00:00,1.0723883907990397
2006-10-01 16:00:00,1.0845254320996705
2006-10-02 16:00:00,1.0838912690290796
2006-10-03 16:00:00,1.0711310955653959
2006-10-04 16:00:00,1.0901794949274595
2006-10-10 16:00:00,1.0916486596610546
2006-10-11 16:00:00,1.0882070165092397
2006-10-12 16:00:00,1.1013286233640436
2006-10-15 16:00:00,1.1142008556332672
2006-10-16 16:00:00,1.102314786497929
2006-10-17 16:00:00,1.0933516035592283
2006-10-18 16:00:00,1.0899597896793949
2006-10-19 16:00:00,1.0967434174390616
2006-10-22 16:00:00,1.0968820264979167
2006-10-23 16:00:00,1.1057876204917474
2006-10-24 16:00:00,1.0999404787444333
2006-10-25 16:00:00,1.1032044101720517
2006-10-26 16:00:00,1.1041237031836904
2006-10-29 16:00:00,1.0898616526399199
2006-10-30 16:00:00,1.0939311446187003
2006-10-31 16:00:00,1.0927891794252456
2006-11-01 16:00:00,1.1027775520879484
2006-11-02 16:00:00,1.1157884694912514
2006-11-05 16:00:00,1.1093741108708177
2006-11-06 16:00:00,1.1193780789545222
2006-11-07 16:00:00,1.1183949588296127
2006-11-08 16:00:00,1.1141556669499735
2006-11-09 16:00:00,1.1177499930771573
2006-11-12 16:00:00,1.1118077572993443
2006-11-13 16:00:00,1.1223991021906345
2006-11-14 16:00:00,1.1275109768941314
2006-11-15 16:00:00,1.1307250790497685
2006-11-16 16:00:00,1.1310460404215084
2006-11-19 16:00:00,1.131348287288046
2006-11-20 16:00:00,1.1388594984938656
2006-11-21 16:00:00,1.1449482551538712
2006-11-22 16:00:00,1.1505445768863416
2006-11-23 16:00:00,1.157192638596129
2006-11-26 16:00:00,1.1682218724790603
2006-11-27 16:00:00,1.1599316509753939
2006-11-28 16:00:00,1.164488861217797
2006-11-29 16:00:00,1.179060918300994
2006-11-30 16:00:00,1.1862043818720682
2006-12-03 16:00:00,1.1914143936150399
2006-12-04 16:00:00,1.1856326004854847
2006-12-05 16:00:00,1.198631193702435
2006-12-06 16:00:00,1.1975701725477408
2006-12-07 16:00:00,1.18974575964307
2006-12-10 16:00:00,1.185978514530827
2006-12-11 16:00:00,1.1620536932847816
2006-12-12 16:00:00,1.160766728713622
2006-12-13 16:00:00,1.1654579835014165
2006-12-14 16:00:00,1.1745582539944843
2006-12-17 16:00:00,1.1879260402754435
2006-12-18 16:00:00,1.183915658746021
2006-12-19 16:00:00,1.1916232201060146
2006-12-20 16:00:00,1.1873526613091474
2006-12-21 16:00:00,1.1922651428494944
2006-12-24 16:00:00,1.1913832788482601
2006-12-25 16:00:00,1.2039689357471723
2006-12-26 16:00:00,1.2048399209913176
2006-12-27 16:00:00,1.2048009704764253
2006-12-28 16:00:00,1.2189460934002945
2007-01-01 16:00:00,1.2340711412896481
2007-01-02 16:00:00,1.2335258340811555
2007-01-03 16:00:00,1.2362071814403257
2007-01-04 16:00:00,1.2207922869460115
2007-01-07 16:00:00,1.2053898687884987
2007-01-08 16:00:00,1.2136940120582302
2007-01-09 16:00:00,1.1994397972625728
2007-01-10 16:00:00,1.1869802730857142
2007-01-11 16:00:00,1.2092848442025077
2007-01-14 16:00:00,1.2126797771665414
2007-01-15 16:00:00,1.2140165710096822
2007-01-16 16:00:00,1.220544586015368
2007-01-17 16:00:00,1.2300795503406523
2007-01-18 16:00:00,1.2214949937937858
2007-01-21 16:00:00,1.2218673820172194
2007-01-22 16:00:00,1.2234081335369744
2007-01-23 16:00:00,1.236367700163808
2007-01-24 16:00:00,1.234533906879668
2007-01-25 16:00:00,1.2185721075971485
2007-01-28 16:00:00,1.2077392999436156
2007-01-29 16:00:00,1.2058883897339858
2007-01-30 16:00:00,1.199614313827344
2007-01-31 16:00:00,1.199910322525481
2007-02-01 16:00:00,1.211671704368029
2007-02-04 16:00:00,1.2126205906419587
2007-02-05 16:00:00,1.2270523650113636
2007-02-06 16:00:00,1.2230498953052786
2007-02-07 16:00:00,1.221828431502327
2007-02-08 16:00:00,1.2245252221320502
2007-02-11 16:00:00,1.2115673291601534
2007-02-12 16:00:00,1.2054085832937007
2007-02-13 16:00:00,1.2167228710424551
2007-02-25 16:00:00,1.230861679722699
2007-02-26 16:00:00,1.2311358548314335
2007-02-28 16:00:00,1.1963471111650763
2007-03-01 16:00:00,1.1951162901095234
2007-03-04 16:00:00,1.1442923345691016
2007-03-05 16:00:00,1.1608851778380114
2007-03-06 16:00:00,1.1655327654470007
2007-03-07 16:00:00,1.1800190857522996
2007-03-08 16:00:00,1.1791357002465774
2007-03-11 16:00:00,1.1886317901321937
2007-03-12 16:00:00,1.1971775483146165
2007-03-13 16:00:00,1.179458183122805
2007-03-14 16:00:00,1.1990409348610478
2007-03-15 16:00:00,1.202755231617109
2007-03-18 16:00:00,1.205506644257951
2007-03-19 16:00:00,1.2053104462542257
2007-03-20 16:00:00,1.208555663176642
2007-03-21 16:00:00,1.218938257652181
2007-03-22 16:00:00,1.2244925097855586
2007-03-25 16:00:00,1.2273747718123669
2007-03-26 16:00:00,1.2222880019329216
2007-03-27 16:00:00,1.2134027200240056
2007-03-28 16:00:00,1.2227803607852326
2007-03-29 16:00:00,1.228401559116081
2007-04-01 16:00:00,1.2284919364826672
2007-04-02 16:00:00,1.235957959005194
2007-04-03 16:00:00,1.2471288449559563
2007-04-08 16:00:00,1.2552227923806731
2007-04-09 16:00:00,1.2539499017260276
2007-04-10 16:00:00,1.2595681331231248
2007-04-11 16:00:00,1.2581269640721084
2007-04-12 16:00:00,1.2467689330693243
2007-04-15 16:00:00,1.2531942465220716
2007-04-16 16:00:00,1.2400679990785795
2007-04-17 16:00:00,1.246926332708606
2007-04-18 16:00:00,1.2290590012053382
2007-04-19 16:00:00,1.2374785505904828
2007-04-22 16:00:00,1.2480403022194817
2007-04-23 16:00:00,1.2534232329475126
2007-04-24 16:00:00,1.2440190419329704
2007-04-25 16:00:00,1.2464168569308052
2007-04-26 16:00:00,1.238530214492576
2007-04-29 16:00:00,1.2270009381596696
2007-05-01 16:00:00,1.2313041332278039
2007-05-02 16:00:00,1.2349841961328853
2007-05-03 16:00:00,1.2567029119465813
2007-05-06 16:00:00,1.2643699252119702
2007-05-07 16:00:00,1.2613426638074572
2007-05-08 16:00:00,1.2546214177317976
2007-05-09 16:00:00,1.261501584951227
2007-05-10 16:00:00,1.2513246218072387
2007-05-13 16:00:00,1.2511719388318698
2007-05-14 16:00:00,1.2425202839370835
2007-05-15 16:00:00,1.2446297738344458
2007-05-16 16:00:00,1.2523248588576381
2007-05-17 16:00:00,1.251729722377164
2007-05-20 16:00:00,1.2684706080327546
2007-05-21 16:00:00,1.2757995430009141
2007-05-22 16:00:00,1.280965583264183
2007-05-23 16:00:00,1.280127386441754
2007-05-24 16:00:00,1.2713343077048096
2007-05-27 16:00:00,1.2708434703569866
2007-05-28 16:00:00,1.2746871710697505
2007-05-29 16:00:00,1.2693664698752782
2007-05-30 16:00:00,1.2689941577270691
2007-05-31 16:00:00,1.2853452339328386
2007-06-03 16:00:00,1.2923391336127446
2007-06-04 16:00:00,1.2937725429908722
2007-06-05 16:00:00,1.295437981803417
2007-06-06 16:00:00,1.3017604415527766
2007-06-07 16:00:00,1.293261469633359
2007-06-10 16:00:00,1.2992084220750846
2007-06-11 16:00:00,1.3040974724463166
2007-06-12 16:00:00,1.3003784590263427
2007-06-13 16:00:00,1.3166333000732475
2007-06-14 16:00:00,1.3357844770634741
2007-06-19 16:00:00,1.3641778809154976
2007-06-20 16:00:00,1.3791520716348682
2007-06-21 16:00:00,1.3782794888110106
2007-06-24 16:00:00,1.392737889508955
2007-06-25 16:00:00,1.3812958714584342
2007-06-26 16:00:00,1.3779414105137808
2007-06-27 16:00:00,1.385514851253159
2007-06-28 16:00:00,1.3840160171820481
2007-07-01 16:00:00,1.392784599696736
2007-07-02 16:00:00,1.4016201284088952
2007-07-03 16:00:00,1.4129592927560284
2007-07-04 16:00:00,1.4253922666795715
2007-07-05 16:00:00,1.4315510125460242
2007-07-08 16:00:00,1.4598338030217715
2007-07-09 16:00:00,1.462153793065046
2007-07-10 16:00:00,1.447542633316508
2007-07-11 16:00:00,1.45742982593076
2007-07-12 16:00:00,1.4756413217492095
2007-07-15 16:00:00,1.467231357842339
2007-07-16 16:00:00,1.4816288983607642
2007-07-17 16:00:00,1.4778303102560688
2007-07-18 16:00:00,1.475954447372836
2007-07-19 16:00:00,1.4934961769156758
2007-07-22 16:00:00,1.499053624208478
2007-07-23 16:00:00,1.5181375507003358
2007-07-24 16:00:00,1.517525297294372
2007-07-25 16:00:00,1.4904610797630495
2007-07-26 16:00:00,1.4274955944837575
2007-07-29 16:00:00,1.4135185978058105
2007-07-30 16:00:00,1.4469661352660117
2007-07-31 16:00:00,1.3853668088664786
2007-08-01 16:00:00,1.3945108986888002
2007-08-02 16:00:00,1.4112205174271626
2007-08-05 16:00:00,1.3931336328262791
2007-08-06 16:00:00,1.3807598454273184
2007-08-07 16:00:00,1.4177080604134682
2007-08-08 16:00:00,1.4306613888719013
2007-08-09 16:00:00,1.391510035387154
2007-08-12 16:00:00,1.3927019820030386
2007-08-13 16:00:00,1.3883442409990099
2007-08-14 16:00:00,1.3388070978792987
2007-08-15 16:00:00,1.2777841173798132
2007-08-16 16:00:00,1.2604779928069376
2007-08-19 16:00:00,1.3267417194400521
2007-08-20 16:00:00,1.3210519012567956
2007-08-21 16:00:00,1.3232923166153487
2007-08-22 16:00:00,1.3605881953770025
2007-08-23 16:00:00,1.3539276573304133
2007-08-26 16:00:00,1.3583243488493344
2007-08-27 16:00:00,1.3597639963958628
2007-08-28 16:00:00,1.3466408680365711
2007-08-29 16:00:00,1.366566338660732
2007-08-30 16:00:00,1.3994326614065244
2007-09-02 16:00:00,1.3990898664453821
2007-09-03 16:00:00,1.3902123442093548
2007-09-04 16:00:00,1.3887897375130918
2007-09-05 16:00:00,1.4048732571546498
2007-09-06 16:00:00,1.4050290592142192
2007-09-09 16:00:00,1.3924869934188877
2007-09-10 16:00:00,1.40269826648908
2007-09-11 16:00:00,1.40503529738262
2007-09-12 16:00:00,1.3909040201495915
2007-09-13 16:00:00,1.4071401466912938
2007-09-16 16:00:00,1.3866179420069467
2007-09-18 16:00:00,1.3907419799216214
2007-09-19 16:00:00,1.3995682274564039
2007-09-20 16:00:00,1.4186148770883065
2007-09-25 16:00:00,1.4423263073299122
2007-09-26 16:00:00,1.4666595764557564
2007-09-27 16:00:00,1.4663946825243988
2007-09-30 16:00:00,1.4783211476038929
2007-10-01 16:00:00,1.499315322980412
2007-10-02 16:00:00,1.5112839337342232
2007-10-03 16:00:00,1.4999602887328676
2007-10-04 16:00:00,1.498382032127484
2007-10-07 16:00:00,1.5139480880926797
2007-10-08 16:00:00,1.5018985333001078
2007-10-10 16:00:00,1.5109099479310775
2007-10-11 16:00:00,1.479562847416535
2007-10-14 16:00:00,1.4829874497180844
2007-10-15 16:00:00,1.4945196929847424
2007-10-16 16:00:00,1.4897973995053932
2007-10-17 16:00:00,1.501468556131804
2007-10-18 16:00:00,1.497518882631452
2007-10-21 16:00:00,1.458398872139157
2007-10-22 16:00:00,1.4804851834371495
2007-10-23 16:00:00,1.4711731195193547
2007-10-24 16:00:00,1.4907477312085868
2007-10-25 16:00:00,1.5006022114763473
2007-10-28 16:00:00,1.5283924909493347
2007-10-29 16:00:00,1.5202985435246181
2007-10-30 16:00:00,1.5130444665772673
2007-10-31 16:00:00,1.495417228482203
2007-11-01 16:00:00,1.4447599537584395
2007-11-04 16:00:00,1.450292448377639
2007-11-05 16:00:00,1.4478308062665333
2007-11-06 16:00:00,1.4489868453765018
2007-11-07 16:00:00,1.3924869934188884
2007-11-08 16:00:00,1.397681409740858
2007-11-11 16:00:00,1.3508927123282373
2007-11-12 16:00:00,1.3597110480396821
2007-11-13 16:00:00,1.3933204735774047
2007-11-14 16:00:00,1.3874748533345787
2007-11-15 16:00:00,1.3655708182742463
2007-11-18 16:00:00,1.352466252269708
2007-11-19 16:00:00,1.352489683438823
2007-11-20 16:00:00,1.3218356282185562
2007-11-21 16:00:00,1.3242131311314767
2007-11-22 16:00:00,1.299725733601
2007-11-25 16:00:00,1.3287251526905866
2007-11-26 16:00:00,1.3049543837739495
2007-11-27 16:00:00,1.2894520788468007
2007-11-28 16:00:00,1.3160584756776896
2007-11-29 16:00:00,1.337772626977922
2007-12-02 16:00:00,1.337373688501173
2007-12-03 16:00:00,1.3478810463447266
2007-12-04 16:00:00,1.3518804730418355
2007-12-05 16:00:00,1.354600770915898
2007-12-06 16:00:00,1.3589585119199268
2007-12-09 16:00:00,1.3395845866726594
2007-12-10 16:00:00,1.345863379243214
2007-12-11 16:00:00,1.322884096961225
2007-12-12 16:00:00,1.2756936462885526
2007-12-13 16:00:00,1.2648077381283893
2007-12-16 16:00:00,1.2200569438269713
2007-12-17 16:00:00,1.216401909670717
2007-12-18 16:00:00,1.2486401553638704
2007-12-19 16:00:00,1.2241435527312416
2007-12-20 16:00:00,1.2372869171002234
2007-12-23 16:00:00,1.2675186787498507
2007-12-24 16:00:00,1.272440441467574
2007-12-25 16:00:00,1.270776524159517
2007-12-26 16:00:00,1.2952884179122501
2007-12-27 16:00:00,1.3082558963624213
2007-12-30 16:00:00,1.3252897477071728
2008-01-01 16:00:00,1.296742063300068
2008-01-02 16:00:00,1.2751093885651672
2008-01-03 16:00:00,1.2808580128968845
2008-01-06 16:00:00,1.2282395188881126
2008-01-07 16:00:00,1.2406320207922756
2008-01-08 16:00:00,1.2596631510784007
2008-01-09 16:00:00,1.2553334057569507
2008-01-10 16:00:00,1.2509771862574102
2008-01-13 16:00:00,1.2734282782563962
2008-01-14 16:00:00,1.313224369267926
2008-01-15 16:00:00,1.2743833266235023
2008-01-16 16:00:00,1.2622447638183836
2008-01-17 16:00:00,1.2751794538468386
2008-01-20 16:00:00,1.2635800361570362
2008-01-21 16:00:00,1.1812795000701446
2008-01-22 16:00:00,1.1542386376327125
2008-01-23 16:00:00,1.1711664401146515
2008-01-24 16:00:00,1.2058384843867807
2008-01-27 16:00:00,1.1662961803238463
2008-01-28 16:00:00,1.1804163505741125
2008-01-29 16:00:00,1.1752874350203504
2008-01-30 16:00:00,1.1718021246897306
2008-01-31 16:00:00,1.1956180062144364
2008-02-11 16:00:00,1.1768141886988157
2008-02-12 16:00:00,1.176385733035
2008-02-13 16:00:00,1.225421083974575
2008-02-14 16:00:00,1.2271489805463516
2008-02-17 16:00:00,1.229412674923571
2008-02-18 16:00:00,1.2502137713805652
2008-02-19 16:00:00,1.229968936964377
2008-02-20 16:00:00,1.2597987171282796
2008-02-21 16:00:00,1.2633478545721704
2008-02-24 16:00:00,1.291017859115383
2008-02-25 16:00:00,1.2943458458819455
2008-02-26 16:00:00,1.3184032662441183
2008-02-28 16:00:00,1.310719059978015
2008-03-02 16:00:00,1.287365944043329
2008-03-03 16:00:00,1.319654399384586
2008-03-04 16:00:00,1.3218106755449537
2008-03-05 16:00:00,1.3490276521268696
2008-03-06 16:00:00,1.3292003185421837
2008-03-09 16:00:00,1.2930527192176098
2008-03-10 16:00:00,1.3058642434577628
2008-03-11 16:00:00,1.314230844486726
2008-03-12 16:00:00,1.2792829514509259
2008-03-13 16:00:00,1.271555534457364
2008-03-16 16:00:00,1.2472612919216366
2008-03-17 16:00:00,1.255419066459624
2008-03-18 16:00:00,1.2743537333612112
2008-03-19 16:00:00,1.299012147996137
2008-03-20 16:00:00,1.3282047981556973
2008-03-23 16:00:00,1.3812334897744292
2008-03-24 16:00:00,1.3702868735851954
2008-03-25 16:00:00,1.36606926314451
2008-03-26 16:00:00,1.3408185268124129
2008-03-27 16:00:00,1.3435497795187892
2008-03-30 16:00:00,1.3356209153310186
2008-03-31 16:00:00,1.3118034362266002
2008-04-01 16:00:00,1.340720389772938
2008-04-02 16:00:00,1.33932121424579
2008-04-06 16:00:00,1.3601130295254076
2008-04-07 16:00:00,1.351241593307332
2008-04-08 16:00:00,1.3504750593462869
2008-04-09 16:00:00,1.3756325274532706
2008-04-10 16:00:00,1.3881245357509473
2008-04-13 16:00:00,1.385491420084046
2008-04-14 16:00:00,1.390492757486491
2008-04-15 16:00:00,1.4125011677546988
2008-04-16 16:00:00,1.4163011252134334
2008-04-17 16:00:00,1.4137942944190347
2008-04-20 16:00:00,1.4151934699461828
2008-04-21 16:00:00,1.4080157725241287
2008-04-22 16:00:00,1.4035349418070222
2008-04-23 16:00:00,1.4007055520611713
2008-04-24 16:00:00,1.3940839645294745
2008-04-27 16:00:00,1.4146137767362614
2008-04-28 16:00:00,1.385345051352302
2008-04-29 16:00:00,1.3897355047028221
2008-05-01 16:00:00,1.3965456066405797
2008-05-04 16:00:00,1.3768275170781308
2008-05-05 16:00:00,1.3799902684572984
2008-05-06 16:00:00,1.3907357417532211
2008-05-07 16:00:00,1.3814314375083148
2008-05-08 16:00:00,1.3698661775942675
2008-05-11 16:00:00,1.3757337075017204
2008-05-12 16:00:00,1.4005809408436047
2008-05-13 16:00:00,1.4050820075704014
2008-05-14 16:00:00,1.4267009126896857
2008-05-15 16:00:00,1.4329689025783756
2008-05-18 16:00:00,1.4482047920696788
2008-05-19 16:00:00,1.4129451427642912
2008-05-20 16:00:00,1.404638032560808
2008-05-21 16:00:00,1.4034632789456374
2008-05-22 16:00:00,1.3764629646028101
2008-05-25 16:00:00,1.356691622383282
2008-05-26 16:00:00,1.3676849487602967
2008-05-27 16:00:00,1.3501324165355924
2008-05-28 16:00:00,1.3531221728544767
2008-05-29 16:00:00,1.3428641895965034
2008-06-01 16:00:00,1.3592841138803542
2008-06-02 16:00:00,1.3366865770743999
2008-06-03 16:00:00,1.3442227409538225
2008-06-04 16:00:00,1.361463821209837
2008-06-05 16:00:00,1.3625372426261082
2008-06-08 16:00:00,1.338015611244652
2008-06-09 16:00:00,1.3040570004269376
2008-06-10 16:00:00,1.3002538478087784
2008-06-11 16:00:00,1.2561186542231977
2008-06-12 16:00:00,1.26286173388826
2008-06-15 16:00:00,1.2728611374585006
2008-06-16 16:00:00,1.2778495420727978
2008-06-17 16:00:00,1.2803096626794157
2008-06-18 16:00:00,1.2538486456023537
2008-06-19 16:00:00,1.2312106367770188
2008-06-22 16:00:00,1.2271676950515535
2008-06-23 16:00:00,1.2056094979613394
2008-06-24 16:00:00,1.2238288295279016
2008-06-25 16:00:00,1.2170889450222644
2008-06-26 16:00:00,1.1761068412623528
2008-06-29 16:00:00,1.1721776319973642
2008-06-30 16:00:00,1.1541732129397293
2008-07-01 16:00:00,1.1457412632930073
2008-07-02 16:00:00,1.1520106986109606
2008-07-03 16:00:00,1.1261960166403933
2008-07-06 16:00:00,1.1437547870334983
2008-07-07 16:00:00,1.0986878240994775
2008-07-08 16:00:00,1.0981269214699831
2008-07-09 16:00:00,1.1023958066119135
2008-07-10 16:00:00,1.1287433194541723
2008-07-13 16:00:00,1.1150640051292988
2008-07-14 16:00:00,1.0647837592176574
2008-07-15 16:00:00,1.0455266855150671
2008-07-16 16:00:00,1.0866380410812326
2008-07-17 16:00:00,1.0618359964226414
2008-07-20 16:00:00,1.1039569462918073
2008-07-21 16:00:00,1.1008378620914447
2008-07-22 16:00:00,1.1388813320832682
2008-07-23 16:00:00,1.147956802053182
2008-07-24 16:00:00,1.1270077392847315
2008-07-28 16:00:00,1.0928639613708298
2008-07-29 16:00:00,1.1015701622015104
2008-07-30 16:00:00,1.094358078778028
2008-07-31 16:00:00,1.091005215413087
2008-08-03 16:00:00,1.0870820921660502
2008-08-04 16:00:00,1.0615368686403044
2008-08-05 16:00:00,1.09469775465497
2008-08-06 16:00:00,1.0944390988920132
2008-08-07 16:00:00,1.1231781124884817
2008-08-10 16:00:00,1.1413414526898862
2008-08-11 16:00:00,1.1363837824662462
2008-08-12 16:00:00,1.136156317545293
2008-08-13 16:00:00,1.1414115179715576
2008-08-14 16:00:00,1.121224348575464
2008-08-17 16:00:00,1.0907248021359517
2008-08-18 16:00:00,1.0872753232360237
2008-08-19 16:00:00,1.0969817611171035
2008-08-20 16:00:00,1.0779084851566614
2008-08-21 16:00:00,1.076842823413279
2008-08-24 16:00:00,1.0953957448388312
2008-08-25 16:00:00,1.0850940944020528
2008-08-26 16:00:00,1.1032247222569658
2008-08-27 16:00:00,1.095808605081645
2008-08-28 16:00:00,1.0977934837614416
2008-08-31 16:00:00,1.0614885608728104
2008-09-01 16:00:00,1.0438408585423828
2008-09-02 16:00:00,1.0259409668430723
2008-09-03 16:00:00,0.9990963024093655
2008-09-04 16:00:00,0.9826826162939155
2008-09-07 16:00:00,1.0374328141655742
2008-09-08 16:00:00,1.0009877607136
2008-09-09 16:00:00,1.006166581614568
2008-09-10 16:00:00,0.9740621522411326
2008-09-11 16:00:00,0.9832124041566307
2008-09-14 16:00:00,0.9429798695827234
2008-09-15 16:00:00,0.8968845217652759
2008-09-16 16:00:00,0.9037834795651316
2008-09-17 16:00:00,0.879023504505633
2008-09-18 16:00:00,0.9301932219409487
2008-09-21 16:00:00,0.9520397441316353
2008-09-22 16:00:00,0.9631965561658837
2008-09-23 16:00:00,0.9554673894421606
2008-09-24 16:00:00,0.9442854725838604
2008-09-25 16:00:00,0.9238442880134982
2008-09-29 16:00:00,0.8910716138689412
2008-09-30 16:00:00,0.8980405608752442
2008-10-01 16:00:00,0.8886474007682398
2008-10-02 16:00:00,0.8946472254909227
2008-10-05 16:00:00,0.8577955499645353
2008-10-06 16:00:00,0.860749550927952
2008-10-07 16:00:00,0.8111641000407475
2008-10-08 16:00:00,0.7993714512809714
2008-10-12 16:00:00,0.7821912312044762
2008-10-13 16:00:00,0.8244322277777439
2008-10-14 16:00:00,0.8173743488341184
2008-10-15 16:00:00,0.7908429621744871
2008-10-16 16:00:00,0.7728369455371399
2008-10-19 16:00:00,0.7683873056620372
2008-10-20 16:00:00,0.7700824898873221
2008-10-21 16:00:00,0.7575980130368607
2008-10-22 16:00:00,0.7370198169873557
2008-10-23 16:00:00,0.7135109750683247
2008-10-26 16:00:00,0.6803642390453974
2008-10-27 16:00:00,0.6855213024321873
2008-10-28 16:00:00,0.6865417754922768
2008-10-29 16:00:00,0.7297175083477361
2008-10-30 16:00:00,0.7588553843457289
2008-11-02 16:00:00,0.778237069265885
2008-11-03 16:00:00,0.7778584428740507
2008-11-04 16:00:00,0.7756195490199855
2008-11-05 16:00:00,0.7313503108890137
2008-11-06 16:00:00,0.7388614460196089
2008-11-09 16:00:00,0.7385404846478691
2008-11-10 16:00:00,0.7226954608348024
2008-11-11 16:00:00,0.7191120134647077
2008-11-12 16:00:00,0.6914198710311951
2008-11-13 16:00:00,0.693736665915045
2008-11-16 16:00:00,0.6917267584864211
2008-11-17 16:00:00,0.6707528191195921
2008-11-18 16:00:00,0.6674669019521222
2008-11-19 16:00:00,0.6372165779477414
2008-11-20 16:00:00,0.6498628668004998
2008-11-23 16:00:00,0.6482175879224206
2008-11-24 16:00:00,0.6647248465638813
2008-11-25 16:00:00,0.665552088553997
2008-11-26 16:00:00,0.6939002276475029
2008-11-27 16:00:00,0.694950370045108
2008-11-30 16:00:00,0.7039775322475283
2008-12-01 16:00:00,0.6788233353751938
2008-12-02 16:00:00,0.6710768235003077
2008-12-03 16:00:00,0.6629284062149212
2008-12-04 16:00:00,0.6582714613533309
2008-12-07 16:00:00,0.6883818069448173
2008-12-08 16:00:00,0.6968464689380308
2008-12-09 16:00:00,0.7258582882891944
2008-12-10 16:00:00,0.7253440958474809
2008-12-11 16:00:00,0.6981879033698599
2008-12-14 16:00:00,0.7188238405146837
2008-12-15 16:00:00,0.7193177208714826
2008-12-16 16:00:00,0.7241678207278222
2008-12-17 16:00:00,0.7314578051810893
2008-12-18 16:00:00,0.7314126164977962
2008-12-21 16:00:00,0.7066432081104722
2008-12-22 16:00:00,0.6864389217888888
2008-12-23 16:00:00,0.6891233882322594
2008-12-24 16:00:00,0.6876215111521725
2008-12-25 16:00:00,0.6894334708469101
2008-12-28 16:00:00,0.6880437286475874
2008-12-29 16:00:00,0.7149786182974315
2008-12-30 16:00:00,0.7153182941743734
